Model,Scenario,Region,Variable,Unit,2005,2006,2007,2008,2009,2010,2011,2012,2013,2014,2015,2016,2017,2018,2019,2020,2025,2030,2035,2040,2045,2050,
reference,CEDS,EU27,Emissions|CH4|AFOLU|Agriculture,Mt CH4/yr,8.7098,8.6644,8.7218,8.6384,8.5975,8.4367,8.3741,8.3171,8.3281,8.4246,8.4968,8.5129,8.5291,8.4683,8.4683,N/A,N/A,N/A,N/A,N/A,N/A,N/A,NA
reference,CEDS,EU27 & UK,Emissions|CH4|AFOLU|Agriculture,Mt CH4/yr,9.7825,9.7181,9.7654,9.651,9.5988,9.4436,9.3764,9.3162,9.3282,9.4439,9.5205,9.5364,9.5565,9.4833,9.4833,N/A,N/A,N/A,N/A,N/A,N/A,N/A,NA
reference,CEDS,EU27,Emissions|CH4|Waste,Mt CH4/yr,7.3964,7.6675,7.601,7.2298,6.5442,7.2116,7.2312,6.8734,6.4427,6.2922,6.1404,6.1412,6.1424,6.1437,6.1445,N/A,N/A,N/A,N/A,N/A,N/A,N/A,NA
reference,CEDS,EU27 & UK,Emissions|CH4|Waste,Mt CH4/yr,10.6622,11.1518,11.0271,10.2572,9.0112,9.7014,9.9214,9.5187,9.0325,8.8698,8.8595,8.877,8.895,8.9131,8.9306,N/A,N/A,N/A,N/A,N/A,N/A,N/A,NA
reference,CEDS,EU27,Emissions|CO2|Energy|Demand|Bunkers,Mt CO2/yr,160.9194,172.609,182.8338,190.2729,166.5455,160.9507,175.5369,165.2276,164.9719,167.7558,175.4104,182.9739,190.2198,191.5945,190.5267,N/A,N/A,N/A,N/A,N/A,N/A,N/A,NA
reference,CEDS,EU27 & UK,Emissions|CO2|Energy|Demand|Bunkers,Mt CO2/yr,165.7957,177.8396,188.3743,196.0388,171.5924,165.828,180.8562,170.2345,169.9711,172.8393,180.7259,188.5186,195.9841,197.4004,196.3002,N/A,N/A,N/A,N/A,N/A,N/A,N/A,NA
reference,CEDS,EU27,Emissions|CO2|Energy|Demand|Industry,Mt CO2/yr,511.376,493.6932,491.9473,470.4136,399.6883,419.7593,413.0913,395.7469,387.6025,373.1715,369.9448,369.7786,376.0086,370.7374,367.7822,N/A,N/A,N/A,N/A,N/A,N/A,N/A,NA
reference,CEDS,EU27 & UK,Emissions|CO2|Energy|Demand|Industry,Mt CO2/yr,571.2447,551.573,548.709,525.8226,444.9438,466.6794,455.5012,438.8963,431.2163,416.0757,411.8231,409.9894,416.1159,409.8978,405.7303,N/A,N/A,N/A,N/A,N/A,N/A,N/A,NA
reference,CEDS,EU27,Emissions|CO2|Energy|Demand|Residential and Commercial,Mt CO2/yr,553.9951,549.5445,475.1573,515.7129,504.254,530.3139,464.943,475.3428,485.7167,414.8048,438.6467,449.3738,445.4276,437.1296,442.0362,N/A,N/A,N/A,N/A,N/A,N/A,N/A,NA
reference,CEDS,EU27 & UK,Emissions|CO2|Energy|Demand|Residential and Commercial,Mt CO2/yr,650.8161,642.3307,563.7992,608.9775,592.8097,629.3497,544.9116,563.2907,574.8118,490.3236,517.9694,532.0416,524.7656,516.5684,520.6237,N/A,N/A,N/A,N/A,N/A,N/A,N/A,NA
reference,CEDS,EU27,Emissions|CO2|Energy|Demand|Transportation,Mt CO2/yr,848.0464,859.1032,867.9835,849.3647,823.0673,818.1503,810.4814,782.5945,778.1861,788.1221,804.4792,825.8454,842.4266,842.6792,843.5122,N/A,N/A,N/A,N/A,N/A,N/A,N/A,NA
reference,CEDS,EU27 & UK,Emissions|CO2|Energy|Demand|Transportation,Mt CO2/yr,974.8614,987.493,997.1634,971.7141,941.0356,934.7621,925.5527,897.2665,891.8025,903.3049,922.8658,947.0241,963.9134,962.4196,960.7802,N/A,N/A,N/A,N/A,N/A,N/A,N/A,NA
reference,CEDS,EU27,Emissions|CO2|Energy|Supply,Mt CO2/yr,1376.7626,1405.8461,1419.7097,1346.4826,1238.7017,1270.0669,1260.0497,1237.5471,1183.7467,1114.936,1132.0324,1114.2508,1119.7846,1084.6048,987.2607,N/A,N/A,N/A,N/A,N/A,N/A,N/A,NA
reference,CEDS,EU27 & UK,Emissions|CO2|Energy|Supply,Mt CO2/yr,1612.5779,1646.4329,1655.8698,1577.4056,1443.5257,1480.9044,1455.678,1445.6937,1377.9415,1282.5172,1278.646,1233.5592,1228.4033,1189.7295,1089.1926,N/A,N/A,N/A,N/A,N/A,N/A,N/A,NA
reference,CEDS,EU27,Emissions|CO2|Industrial Processes,Mt CO2/yr,245.1417,246.9472,249.6009,234.3852,185.5226,202.105,200.7007,189.0491,185.4895,190.1416,190.244,191.8352,198.1412,197.2773,197.3608,N/A,N/A,N/A,N/A,N/A,N/A,N/A,NA
reference,CEDS,EU27 & UK,Emissions|CO2|Industrial Processes,Mt CO2/yr,263.8628,264.7045,268.9021,252.0389,198.0934,216.0046,213.4638,201.9139,200.1145,204.3966,204.1805,203.9796,210.6617,208.9974,209.1324,N/A,N/A,N/A,N/A,N/A,N/A,N/A,NA
reference,CEDS,EU27,Emissions|CO2|Industry and Industrial Processes,Mt CO2/yr,511.376,493.6932,491.9473,470.4136,399.6883,419.7593,413.0913,395.7469,387.6025,373.1715,369.9448,369.7786,376.0086,370.7374,367.7822,N/A,N/A,N/A,N/A,N/A,N/A,N/A,NA
reference,CEDS,EU27 & UK,Emissions|CO2|Industry and Industrial Processes,Mt CO2/yr,571.2447,551.573,548.709,525.8226,444.9438,466.6794,455.5012,438.8963,431.2163,416.0757,411.8231,409.9894,416.1159,409.8978,405.7303,N/A,N/A,N/A,N/A,N/A,N/A,N/A,NA
reference,CEDS,EU27,Emissions|Kyoto Gases|AFOLU|Agriculture,Mt CO2e/yr,363.3724,361.1627,366.2924,359.1935,353.9647,353.4999,349.8902,349.4424,351.4184,355.4503,357.5655,358.0086,358.4688,356.6882,356.6883,N/A,N/A,N/A,N/A,N/A,N/A,N/A,NA
reference,CEDS,EU27 & UK,Emissions|Kyoto Gases|AFOLU|Agriculture,Mt CO2e/yr,406.684,403.8791,408.5507,399.9474,394.8921,394.647,390.6864,390.1164,392.5069,397.0397,399.2712,399.7235,400.2881,398.1487,398.1488,N/A,N/A,N/A,N/A,N/A,N/A,N/A,NA
reference,CEDS,EU27,Emissions|Kyoto Gases|Energy,Mt CO2e/yr,3435.3461,3447.4543,3387.5049,3313.9597,3090.6875,3164.4656,3069.7704,3011.7739,2953.0493,2801.4225,2856.4116,2869.9054,2894.6239,2842.3586,2742.9378,N/A,N/A,N/A,N/A,N/A,N/A,N/A,NA
reference,CEDS,EU27 & UK,Emissions|Kyoto Gases|Energy,Mt CO2e/yr,3975.3683,3986.4847,3916.7051,3833.6857,3564.4041,3654.9859,3518.4834,3481.3126,3407.7407,3215.6555,3254.9698,3244.5346,3255.1703,3196.6413,3089.2098,N/A,N/A,N/A,N/A,N/A,N/A,N/A,NA
reference,CEDS,EU27,Emissions|Kyoto Gases|Industrial Processes,Mt CO2e/yr,308.8431,303.1817,305.0648,279.9365,229.2937,230.7585,225.648,212.4232,206.6895,210.9767,211.1601,212.0278,218.8287,217.1716,217.2926,N/A,N/A,N/A,N/A,N/A,N/A,N/A,NA
reference,CEDS,EU27 & UK,Emissions|Kyoto Gases|Industrial Processes,Mt CO2e/yr,332.4536,325.3322,329.0922,302.0234,244.9624,247.8576,240.71,227.395,223.3755,227.3069,227.1031,226.2087,233.4076,230.9176,231.1022,N/A,N/A,N/A,N/A,N/A,N/A,N/A,NA
reference,CEDS,EU27,Emissions|Kyoto Gases|Waste,Mt CO2e/yr,220.0957,227.7337,226.0721,215.7318,196.6087,215.4653,216.0059,206.0779,193.9882,189.7851,185.6443,185.6786,185.7235,185.7701,185.8028,N/A,N/A,N/A,N/A,N/A,N/A,N/A,NA
reference,CEDS,EU27 & UK,Emissions|Kyoto Gases|Waste,Mt CO2e/yr,313.13,326.9319,323.6782,302.1705,267.396,286.9394,293.118,281.9317,268.3038,263.7941,263.6337,264.1441,264.6707,265.2008,265.7124,N/A,N/A,N/A,N/A,N/A,N/A,N/A,NA
reference,CEDS,EU27,Emissions|N2O|AFOLU|Agriculture,kt N2O/yr,450.9314,447.3959,460.6849,442.7097,427.2992,442.5371,435.5291,439.8662,446.1603,451.1783,451.5296,451.4998,451.5223,451.2254,451.2254,N/A,N/A,N/A,N/A,N/A,N/A,N/A,NA
reference,CEDS,EU27 & UK,Emissions|N2O|AFOLU|Agriculture,kt N2O/yr,501.0325,497.2557,509.8812,489.5021,475.9475,491.4148,483.5786,487.7887,495.5335,500.4158,500.7413,500.7754,500.7748,500.4351,500.4351,N/A,N/A,N/A,N/A,N/A,N/A,N/A,NA
reference,CEDS,EU27,Emissions|N2O|Waste,kt N2O/yr,47.1977,47.7174,48.4835,48.7566,49.0578,49.706,49.7146,50.0547,49.9836,50.0412,50.4563,50.4947,50.5353,50.5757,50.6116,N/A,N/A,N/A,N/A,N/A,N/A,N/A,NA
reference,CEDS,EU27 & UK,Emissions|N2O|Waste,kt N2O/yr,53.0249,53.7142,54.6336,54.8795,55.3348,56.1581,56.2729,56.6154,56.6081,56.7968,57.2753,57.3551,57.4377,57.5202,57.5978,N/A,N/A,N/A,N/A,N/A,N/A,N/A,NA
reference,CEDS,EU27,Gross Emissions|CO2|Industrial Processes,Mt CO2/yr,245.1417,246.9472,249.6009,234.3852,185.5226,202.105,200.7007,189.0491,185.4895,190.1416,190.244,191.8352,198.1412,197.2773,197.3608,N/A,N/A,N/A,N/A,N/A,N/A,N/A,NA
reference,CEDS,EU27 & UK,Gross Emissions|CO2|Industrial Processes,Mt CO2/yr,263.8628,264.7045,268.9021,252.0389,198.0934,216.0046,213.4638,201.9139,200.1145,204.3966,204.1805,203.9796,210.6617,208.9974,209.1324,N/A,N/A,N/A,N/A,N/A,N/A,N/A,NA
reference,EU_ReferenceScenario_2020,EU27,Emissions|CO2,Mt CO2/yr,3977.8486,N/A,N/A,N/A,N/A,3673.6347,N/A,N/A,N/A,N/A,3343.4744,N/A,N/A,N/A,N/A,2671.2548,2732.1683,2414.3673,2117.2426,1869.5596,1736.0119,1690.2163,NA
reference,EU_ReferenceScenario_2020,EU27 & UK,Emissions|CO2,Mt CO2/yr,3977.8486,N/A,N/A,N/A,N/A,3673.6347,N/A,N/A,N/A,N/A,3343.4744,N/A,N/A,N/A,N/A,2671.2548,2732.1683,2414.3673,2117.2426,1869.5596,1736.0119,1690.2163,NA
reference,EU_ReferenceScenario_2020,EU27,Emissions|CO2|Energy|Demand|Bunkers,Mt CO2/yr,245.4354,N/A,N/A,N/A,N/A,246.4336,N/A,N/A,N/A,N/A,231.9882,N/A,N/A,N/A,N/A,153.1824,262.5417,269.6377,275.3888,283.0054,289.5298,296.1641,NA
reference,EU_ReferenceScenario_2020,EU27 & UK,Emissions|CO2|Energy|Demand|Bunkers,Mt CO2/yr,245.4354,N/A,N/A,N/A,N/A,246.4336,N/A,N/A,N/A,N/A,231.9882,N/A,N/A,N/A,N/A,153.1824,262.5417,269.6377,275.3888,283.0054,289.5298,296.1641,NA
reference,EU_ReferenceScenario_2020,EU27,Emissions|CO2|Energy|Demand|Industry,Mt CO2/yr,450.2889,N/A,N/A,N/A,N/A,369.5632,N/A,N/A,N/A,N/A,337.4299,N/A,N/A,N/A,N/A,323.2061,323.5592,281.3174,237.4154,202.2596,191.6368,187.0322,NA
reference,EU_ReferenceScenario_2020,EU27 & UK,Emissions|CO2|Energy|Demand|Industry,Mt CO2/yr,450.2889,N/A,N/A,N/A,N/A,369.5632,N/A,N/A,N/A,N/A,337.4299,N/A,N/A,N/A,N/A,323.2061,323.5592,281.3174,237.4154,202.2596,191.6368,187.0322,NA
reference,EU_ReferenceScenario_2020,EU27,Emissions|CO2|Energy|Demand|Residential and Commercial,Mt CO2/yr,647.304,N/A,N/A,N/A,N/A,617.7904,N/A,N/A,N/A,N/A,515.0605,N/A,N/A,N/A,N/A,473.282,436.1431,349.3596,319.9425,289.4935,272.2414,260.7255,NA
reference,EU_ReferenceScenario_2020,EU27 & UK,Emissions|CO2|Energy|Demand|Residential and Commercial,Mt CO2/yr,647.304,N/A,N/A,N/A,N/A,617.7904,N/A,N/A,N/A,N/A,515.0605,N/A,N/A,N/A,N/A,473.282,436.1431,349.3596,319.9425,289.4935,272.2414,260.7255,NA
reference,EU_ReferenceScenario_2020,EU27,Emissions|CO2|Energy|Demand|Transportation,Mt CO2/yr,817.9385,N/A,N/A,N/A,N/A,790.1424,N/A,N/A,N/A,N/A,766.4107,N/A,N/A,N/A,N/A,638.3192,698.5272,616.4998,547.8922,495.5552,451.9944,430.6288,NA
reference,EU_ReferenceScenario_2020,EU27 & UK,Emissions|CO2|Energy|Demand|Transportation,Mt CO2/yr,817.9385,N/A,N/A,N/A,N/A,790.1424,N/A,N/A,N/A,N/A,766.4107,N/A,N/A,N/A,N/A,638.3192,698.5272,616.4998,547.8922,495.5552,451.9944,430.6288,NA
reference,EU_ReferenceScenario_2020,EU27,Emissions|CO2|Energy|Supply,Mt CO2/yr,1467.7519,N/A,N/A,N/A,N/A,1341.6039,N/A,N/A,N/A,N/A,1208.9649,N/A,N/A,N/A,N/A,820.1362,732.812,622.3428,502.5704,374.4141,315.8147,315.0784,NA
reference,EU_ReferenceScenario_2020,EU27 & UK,Emissions|CO2|Energy|Supply,Mt CO2/yr,1467.7519,N/A,N/A,N/A,N/A,1341.6039,N/A,N/A,N/A,N/A,1208.9649,N/A,N/A,N/A,N/A,820.1362,732.812,622.3428,502.5704,374.4141,315.8147,315.0784,NA
reference,EU_ReferenceScenario_2020,EU27,Emissions|CO2|Industry and Industrial Processes,Mt CO2/yr,450.2889,N/A,N/A,N/A,N/A,369.5632,N/A,N/A,N/A,N/A,337.4299,N/A,N/A,N/A,N/A,323.2061,323.5592,281.3174,237.4154,202.2596,191.6368,187.0322,NA
reference,EU_ReferenceScenario_2020,EU27 & UK,Emissions|CO2|Industry and Industrial Processes,Mt CO2/yr,450.2889,N/A,N/A,N/A,N/A,369.5632,N/A,N/A,N/A,N/A,337.4299,N/A,N/A,N/A,N/A,323.2061,323.5592,281.3174,237.4154,202.2596,191.6368,187.0322,NA
reference,EU_ReferenceScenario_2020,EU27,Emissions|CO2|Other Removal,Mt CO2/yr,349.13,N/A,N/A,N/A,N/A,308.1012,N/A,N/A,N/A,N/A,283.6201,N/A,N/A,N/A,N/A,263.1289,278.5852,275.21,234.0332,224.8317,214.7949,200.5872,NA
reference,EU_ReferenceScenario_2020,EU27 & UK,Emissions|CO2|Other Removal,Mt CO2/yr,349.13,N/A,N/A,N/A,N/A,308.1012,N/A,N/A,N/A,N/A,283.6201,N/A,N/A,N/A,N/A,263.1289,278.5852,275.21,234.0332,224.8317,214.7949,200.5872,NA
reference,EU_ReferenceScenario_2020,EU27,Emissions|Kyoto Gases,Mt CO2e/yr,4871.5021,N/A,N/A,N/A,N/A,4511.2392,N/A,N/A,N/A,N/A,4134.6121,N/A,N/A,N/A,N/A,3406.8367,3425.632,3061.1592,2734.3816,2467.9339,2318.6329,2263.5582,NA
reference,EU_ReferenceScenario_2020,EU27 & UK,Emissions|Kyoto Gases,Mt CO2e/yr,4871.5021,N/A,N/A,N/A,N/A,4511.2392,N/A,N/A,N/A,N/A,4134.6121,N/A,N/A,N/A,N/A,3406.8367,3425.632,3061.1592,2734.3816,2467.9339,2318.6329,2263.5582,NA
reference,EU_ReferenceScenario_2020,EU27,Energy Service|Transportation|Freight,Gtkm/yr,2361.6897,N/A,N/A,N/A,N/A,2320.403,N/A,N/A,N/A,N/A,2314.4945,N/A,N/A,N/A,N/A,2376.7699,2751.8071,3027.6423,3200.6401,3368.9601,3481.8358,3594.2355,NA
reference,EU_ReferenceScenario_2020,EU27 & UK,Energy Service|Transportation|Freight,Gtkm/yr,2361.6897,N/A,N/A,N/A,N/A,2320.403,N/A,N/A,N/A,N/A,2314.4945,N/A,N/A,N/A,N/A,2376.7699,2751.8071,3027.6423,3200.6401,3368.9601,3481.8358,3594.2355,NA
reference,EU_ReferenceScenario_2020,EU27,Energy Service|Transportation|Passenger,Gpkm/yr,5276.8252,N/A,N/A,N/A,N/A,5453.0868,N/A,N/A,N/A,N/A,5618.2772,N/A,N/A,N/A,N/A,4497.6156,6094.2909,6499.2827,6772.1545,7027.7312,7225.6801,7444.7604,NA
reference,EU_ReferenceScenario_2020,EU27 & UK,Energy Service|Transportation|Passenger,Gpkm/yr,5276.8252,N/A,N/A,N/A,N/A,5453.0868,N/A,N/A,N/A,N/A,5618.2772,N/A,N/A,N/A,N/A,4497.6156,6094.2909,6499.2827,6772.1545,7027.7312,7225.6801,7444.7604,NA
reference,EU_ReferenceScenario_2020,EU27,Final Energy|Bunkers,EJ/yr,3.2825,N/A,N/A,N/A,N/A,3.2991,N/A,N/A,N/A,N/A,3.1282,N/A,N/A,N/A,N/A,2.0576,3.561,3.6765,3.7861,3.9268,4.0702,4.1999,NA
reference,EU_ReferenceScenario_2020,EU27 & UK,Final Energy|Bunkers,EJ/yr,3.2825,N/A,N/A,N/A,N/A,3.2991,N/A,N/A,N/A,N/A,3.1282,N/A,N/A,N/A,N/A,2.0576,3.561,3.6765,3.7861,3.9268,4.0702,4.1999,NA
reference,EU_ReferenceScenario_2020,EU27,Final Energy|Electricity,EJ/yr,8.7725,N/A,N/A,N/A,N/A,9.0366,N/A,N/A,N/A,N/A,8.832,N/A,N/A,N/A,N/A,8.2731,8.8949,9.4995,9.901,10.2352,10.5675,10.846,NA
reference,EU_ReferenceScenario_2020,EU27 & UK,Final Energy|Electricity,EJ/yr,8.7725,N/A,N/A,N/A,N/A,9.0366,N/A,N/A,N/A,N/A,8.832,N/A,N/A,N/A,N/A,8.2731,8.8949,9.4995,9.901,10.2352,10.5675,10.846,NA
reference,EU_ReferenceScenario_2020,EU27,Final Energy|Heat,EJ/yr,2.1518,N/A,N/A,N/A,N/A,2.1689,N/A,N/A,N/A,N/A,1.8751,N/A,N/A,N/A,N/A,1.8859,2.0708,2.1712,2.1781,2.2118,2.1336,2.1023,NA
reference,EU_ReferenceScenario_2020,EU27 & UK,Final Energy|Heat,EJ/yr,2.1518,N/A,N/A,N/A,N/A,2.1689,N/A,N/A,N/A,N/A,1.8751,N/A,N/A,N/A,N/A,1.8859,2.0708,2.1712,2.1781,2.2118,2.1336,2.1023,NA
reference,EU_ReferenceScenario_2020,EU27,Final Energy|Hydrogen,EJ/yr,N/A,N/A,N/A,N/A,N/A,N/A,N/A,N/A,N/A,N/A,0,N/A,N/A,N/A,N/A,0,7e-04,0.0054,0.0359,0.0903,0.1388,0.1886,NA
reference,EU_ReferenceScenario_2020,EU27 & UK,Final Energy|Hydrogen,EJ/yr,N/A,N/A,N/A,N/A,N/A,N/A,N/A,N/A,N/A,N/A,0,N/A,N/A,N/A,N/A,0,7e-04,0.0054,0.0359,0.0903,0.1388,0.1886,NA
reference,EU_ReferenceScenario_2020,EU27,Final Energy|Industry,EJ/yr,11.4096,N/A,N/A,N/A,N/A,10.0631,N/A,N/A,N/A,N/A,9.5601,N/A,N/A,N/A,N/A,9.2262,9.644,9.4473,8.9991,8.7331,8.6832,8.7775,NA
reference,EU_ReferenceScenario_2020,EU27 & UK,Final Energy|Industry,EJ/yr,11.4096,N/A,N/A,N/A,N/A,10.0631,N/A,N/A,N/A,N/A,9.5601,N/A,N/A,N/A,N/A,9.2262,9.644,9.4473,8.9991,8.7331,8.6832,8.7775,NA
reference,EU_ReferenceScenario_2020,EU27,Final Energy|Non-Energy Use,EJ/yr,4.3852,N/A,N/A,N/A,N/A,4.1145,N/A,N/A,N/A,N/A,3.6039,N/A,N/A,N/A,N/A,3.5367,3.8239,4.1859,4.1995,4.3034,4.3424,4.3779,NA
reference,EU_ReferenceScenario_2020,EU27 & UK,Final Energy|Non-Energy Use,EJ/yr,4.3852,N/A,N/A,N/A,N/A,4.1145,N/A,N/A,N/A,N/A,3.6039,N/A,N/A,N/A,N/A,3.5367,3.8239,4.1859,4.1995,4.3034,4.3424,4.3779,NA
reference,EU_ReferenceScenario_2020,EU27,Final Energy|Residential and Commercial,EJ/yr,18.1195,N/A,N/A,N/A,N/A,18.9435,N/A,N/A,N/A,N/A,17.1014,N/A,N/A,N/A,N/A,16.3859,16.4834,15.7472,15.521,15.225,14.9733,14.7616,NA
reference,EU_ReferenceScenario_2020,EU27 & UK,Final Energy|Residential and Commercial,EJ/yr,18.1195,N/A,N/A,N/A,N/A,18.9435,N/A,N/A,N/A,N/A,17.1014,N/A,N/A,N/A,N/A,16.3859,16.4834,15.7472,15.521,15.225,14.9733,14.7616,NA
reference,EU_ReferenceScenario_2020,EU27,Final Energy|Transportation,EJ/yr,11.7059,N/A,N/A,N/A,N/A,11.6197,N/A,N/A,N/A,N/A,11.3348,N/A,N/A,N/A,N/A,9.6837,10.7812,9.9751,9.2165,8.6574,8.2137,8.0455,NA
reference,EU_ReferenceScenario_2020,EU27 & UK,Final Energy|Transportation,EJ/yr,11.7059,N/A,N/A,N/A,N/A,11.6197,N/A,N/A,N/A,N/A,11.3348,N/A,N/A,N/A,N/A,9.6837,10.7812,9.9751,9.2165,8.6574,8.2137,8.0455,NA
reference,EU_ReferenceScenario_2020,EU27,GDP|MER,billion EUR_2020/yr,11859.16,N/A,N/A,N/A,N/A,12460.3979,N/A,N/A,N/A,N/A,13103.3897,N/A,N/A,N/A,N/A,13166.4301,15039.5098,15893.3651,16890.1771,18130.0576,19469.3894,20885.3505,NA
reference,EU_ReferenceScenario_2020,EU27 & UK,GDP|MER,billion EUR_2020/yr,11859.16,N/A,N/A,N/A,N/A,12460.3979,N/A,N/A,N/A,N/A,13103.3897,N/A,N/A,N/A,N/A,13166.4301,15039.5098,15893.3651,16890.1771,18130.0576,19469.3894,20885.3505,NA
reference,EU_ReferenceScenario_2020,EU27,Population,million,431.5513,N/A,N/A,N/A,N/A,437.6608,N/A,N/A,N/A,N/A,443.6668,N/A,N/A,N/A,N/A,447.671,449.2971,449.1216,448.2337,446.7549,444.4716,441.221,NA
reference,EU_ReferenceScenario_2020,EU27 & UK,Population,million,431.5513,N/A,N/A,N/A,N/A,437.6608,N/A,N/A,N/A,N/A,443.6668,N/A,N/A,N/A,N/A,447.671,449.2971,449.1216,448.2337,446.7549,444.4716,441.221,NA
reference,EU_ReferenceScenario_2020,EU27,Primary Energy,EJ/yr,62.4847,N/A,N/A,N/A,N/A,61.0396,N/A,N/A,N/A,N/A,56.6642,N/A,N/A,N/A,N/A,49.7062,52.3894,50.1658,48.0064,46.1643,45.3405,45.1396,NA
reference,EU_ReferenceScenario_2020,EU27 & UK,Primary Energy,EJ/yr,62.4847,N/A,N/A,N/A,N/A,61.0396,N/A,N/A,N/A,N/A,56.6642,N/A,N/A,N/A,N/A,49.7062,52.3894,50.1658,48.0064,46.1643,45.3405,45.1396,NA
reference,EU_ReferenceScenario_2020,EU27,Primary Energy|Biomass,EJ/yr,3.6248,N/A,N/A,N/A,N/A,5.2075,N/A,N/A,N/A,N/A,5.8182,N/A,N/A,N/A,N/A,6.1364,6.5968,6.9401,7.0184,6.8953,6.6777,6.6886,NA
reference,EU_ReferenceScenario_2020,EU27 & UK,Primary Energy|Biomass,EJ/yr,3.6248,N/A,N/A,N/A,N/A,5.2075,N/A,N/A,N/A,N/A,5.8182,N/A,N/A,N/A,N/A,6.1364,6.5968,6.9401,7.0184,6.8953,6.6777,6.6886,NA
reference,EU_ReferenceScenario_2020,EU27,Primary Energy|Coal,EJ/yr,11.7419,N/A,N/A,N/A,N/A,10.5803,N/A,N/A,N/A,N/A,10.0493,N/A,N/A,N/A,N/A,6.4314,5.7403,4.7437,3.3892,1.8476,1.5242,1.5643,NA
reference,EU_ReferenceScenario_2020,EU27 & UK,Primary Energy|Coal,EJ/yr,11.7419,N/A,N/A,N/A,N/A,10.5803,N/A,N/A,N/A,N/A,10.0493,N/A,N/A,N/A,N/A,6.4314,5.7403,4.7437,3.3892,1.8476,1.5242,1.5643,NA
reference,EU_ReferenceScenario_2020,EU27,Primary Energy|Gas,EJ/yr,15.0602,N/A,N/A,N/A,N/A,15.1907,N/A,N/A,N/A,N/A,12.3813,N/A,N/A,N/A,N/A,12.4119,12.6613,11.3921,11.3519,11.4441,11.0524,11.2165,NA
reference,EU_ReferenceScenario_2020,EU27 & UK,Primary Energy|Gas,EJ/yr,15.0602,N/A,N/A,N/A,N/A,15.1907,N/A,N/A,N/A,N/A,12.3813,N/A,N/A,N/A,N/A,12.4119,12.6613,11.3921,11.3519,11.4441,11.0524,11.2165,NA
reference,EU_ReferenceScenario_2020,EU27,Primary Energy|Geothermal,EJ/yr,0.316,N/A,N/A,N/A,N/A,0.4606,N/A,N/A,N/A,N/A,0.6752,N/A,N/A,N/A,N/A,0.8371,0.8775,1.1727,1.191,1.3634,1.5815,1.6396,NA
reference,EU_ReferenceScenario_2020,EU27 & UK,Primary Energy|Geothermal,EJ/yr,0.316,N/A,N/A,N/A,N/A,0.4606,N/A,N/A,N/A,N/A,0.6752,N/A,N/A,N/A,N/A,0.8371,0.8775,1.1727,1.191,1.3634,1.5815,1.6396,NA
reference,EU_ReferenceScenario_2020,EU27,Primary Energy|Hydro,EJ/yr,1.1102,N/A,N/A,N/A,N/A,1.344,N/A,N/A,N/A,N/A,1.22,N/A,N/A,N/A,N/A,1.2115,1.3018,1.3028,1.3072,1.3107,1.3256,1.3257,NA
reference,EU_ReferenceScenario_2020,EU27 & UK,Primary Energy|Hydro,EJ/yr,1.1102,N/A,N/A,N/A,N/A,1.344,N/A,N/A,N/A,N/A,1.22,N/A,N/A,N/A,N/A,1.2115,1.3018,1.3028,1.3072,1.3107,1.3256,1.3257,NA
reference,EU_ReferenceScenario_2020,EU27,Primary Energy|Nuclear,EJ/yr,3.2714,N/A,N/A,N/A,N/A,3.0484,N/A,N/A,N/A,N/A,2.8296,N/A,N/A,N/A,N/A,2.4329,2.0655,1.8682,1.7173,1.6414,1.5251,1.4537,NA
reference,EU_ReferenceScenario_2020,EU27 & UK,Primary Energy|Nuclear,EJ/yr,3.2714,N/A,N/A,N/A,N/A,3.0484,N/A,N/A,N/A,N/A,2.8296,N/A,N/A,N/A,N/A,2.4329,2.0655,1.8682,1.7173,1.6414,1.5251,1.4537,NA
reference,EU_ReferenceScenario_2020,EU27,Primary Energy|Oil,EJ/yr,27.0521,N/A,N/A,N/A,N/A,24.529,N/A,N/A,N/A,N/A,22.3176,N/A,N/A,N/A,N/A,18.1769,19.9692,18.1889,16.6435,15.5448,14.6945,14.0067,NA
reference,EU_ReferenceScenario_2020,EU27 & UK,Primary Energy|Oil,EJ/yr,27.0521,N/A,N/A,N/A,N/A,24.529,N/A,N/A,N/A,N/A,22.3176,N/A,N/A,N/A,N/A,18.1769,19.9692,18.1889,16.6435,15.5448,14.6945,14.0067,NA
reference,EU_ReferenceScenario_2020,EU27,Primary Energy|Solar,EJ/yr,0.0332,N/A,N/A,N/A,N/A,0.1539,N/A,N/A,N/A,N/A,0.4523,N/A,N/A,N/A,N/A,0.6137,1.0063,1.4272,1.7153,2.0175,2.3309,2.4098,NA
reference,EU_ReferenceScenario_2020,EU27 & UK,Primary Energy|Solar,EJ/yr,0.0332,N/A,N/A,N/A,N/A,0.1539,N/A,N/A,N/A,N/A,0.4523,N/A,N/A,N/A,N/A,0.6137,1.0063,1.4272,1.7153,2.0175,2.3309,2.4098,NA
reference,EU_ReferenceScenario_2020,EU27,Primary Energy|Wind,EJ/yr,0.2432,N/A,N/A,N/A,N/A,0.5007,N/A,N/A,N/A,N/A,0.9468,N/A,N/A,N/A,N/A,1.4002,2.197,3.1552,3.7282,4.1247,4.6426,4.8625,NA
reference,EU_ReferenceScenario_2020,EU27 & UK,Primary Energy|Wind,EJ/yr,0.2432,N/A,N/A,N/A,N/A,0.5007,N/A,N/A,N/A,N/A,0.9468,N/A,N/A,N/A,N/A,1.4002,2.197,3.1552,3.7282,4.1247,4.6426,4.8625,NA
reference,EU_ReferenceScenario_2020,EU27,Secondary Energy|Electricity,EJ/yr,10.4204,N/A,N/A,N/A,N/A,10.6352,N/A,N/A,N/A,N/A,10.344,N/A,N/A,N/A,N/A,9.4979,10.1459,10.7844,11.2036,11.5659,11.9524,12.3144,NA
reference,EU_ReferenceScenario_2020,EU27 & UK,Secondary Energy|Electricity,EJ/yr,10.4204,N/A,N/A,N/A,N/A,10.6352,N/A,N/A,N/A,N/A,10.344,N/A,N/A,N/A,N/A,9.4979,10.1459,10.7844,11.2036,11.5659,11.9524,12.3144,NA
reference,EU_ReferenceScenario_2020,EU27,Secondary Energy|Electricity|Biomass,EJ/yr,0.2742,N/A,N/A,N/A,N/A,0.4768,N/A,N/A,N/A,N/A,0.6238,N/A,N/A,N/A,N/A,0.6337,0.6318,0.6197,0.6313,0.6933,0.6815,0.7464,NA
reference,EU_ReferenceScenario_2020,EU27 & UK,Secondary Energy|Electricity|Biomass,EJ/yr,0.2742,N/A,N/A,N/A,N/A,0.4768,N/A,N/A,N/A,N/A,0.6238,N/A,N/A,N/A,N/A,0.6337,0.6318,0.6197,0.6313,0.6933,0.6815,0.7464,NA
reference,EU_ReferenceScenario_2020,EU27,Secondary Energy|Electricity|Coal,EJ/yr,2.9913,N/A,N/A,N/A,N/A,2.6017,N/A,N/A,N/A,N/A,2.5576,N/A,N/A,N/A,N/A,1.4023,1.1877,0.9714,0.5819,0.1377,0.0481,0.0465,NA
reference,EU_ReferenceScenario_2020,EU27 & UK,Secondary Energy|Electricity|Coal,EJ/yr,2.9913,N/A,N/A,N/A,N/A,2.6017,N/A,N/A,N/A,N/A,2.5576,N/A,N/A,N/A,N/A,1.4023,1.1877,0.9714,0.5819,0.1377,0.0481,0.0465,NA
reference,EU_ReferenceScenario_2020,EU27,Secondary Energy|Electricity|Gas,EJ/yr,1.9858,N/A,N/A,N/A,N/A,2.2388,N/A,N/A,N/A,N/A,1.5344,N/A,N/A,N/A,N/A,1.7836,1.8204,1.5595,1.6726,1.8125,1.5727,1.652,NA
reference,EU_ReferenceScenario_2020,EU27 & UK,Secondary Energy|Electricity|Gas,EJ/yr,1.9858,N/A,N/A,N/A,N/A,2.2388,N/A,N/A,N/A,N/A,1.5344,N/A,N/A,N/A,N/A,1.7836,1.8204,1.5595,1.6726,1.8125,1.5727,1.652,NA
reference,EU_ReferenceScenario_2020,EU27,Secondary Energy|Electricity|Geothermal,EJ/yr,0.0212,N/A,N/A,N/A,N/A,0.0219,N/A,N/A,N/A,N/A,0.0252,N/A,N/A,N/A,N/A,0.0255,0.0257,0.0263,0.0263,0.0336,0.0579,0.06,NA
reference,EU_ReferenceScenario_2020,EU27 & UK,Secondary Energy|Electricity|Geothermal,EJ/yr,0.0212,N/A,N/A,N/A,N/A,0.0219,N/A,N/A,N/A,N/A,0.0252,N/A,N/A,N/A,N/A,0.0255,0.0257,0.0263,0.0263,0.0336,0.0579,0.06,NA
reference,EU_ReferenceScenario_2020,EU27,Secondary Energy|Electricity|Hydro,EJ/yr,1.1068,N/A,N/A,N/A,N/A,1.34,N/A,N/A,N/A,N/A,1.2197,N/A,N/A,N/A,N/A,1.2113,1.3015,1.3025,1.3069,1.3105,1.3254,1.3255,NA
reference,EU_ReferenceScenario_2020,EU27 & UK,Secondary Energy|Electricity|Hydro,EJ/yr,1.1068,N/A,N/A,N/A,N/A,1.34,N/A,N/A,N/A,N/A,1.2197,N/A,N/A,N/A,N/A,1.2113,1.3015,1.3025,1.3069,1.3105,1.3254,1.3255,NA
reference,EU_ReferenceScenario_2020,EU27,Secondary Energy|Electricity|Nuclear,EJ/yr,3.2979,N/A,N/A,N/A,N/A,3.0761,N/A,N/A,N/A,N/A,2.829,N/A,N/A,N/A,N/A,2.4325,2.0651,1.8679,1.717,1.6411,1.5248,1.4535,NA
reference,EU_ReferenceScenario_2020,EU27 & UK,Secondary Energy|Electricity|Nuclear,EJ/yr,3.2979,N/A,N/A,N/A,N/A,3.0761,N/A,N/A,N/A,N/A,2.829,N/A,N/A,N/A,N/A,2.4325,2.0651,1.8679,1.717,1.6411,1.5248,1.4535,NA
reference,EU_ReferenceScenario_2020,EU27,Secondary Energy|Electricity|Solar,EJ/yr,0.0052,N/A,N/A,N/A,N/A,0.0836,N/A,N/A,N/A,N/A,0.3636,N/A,N/A,N/A,N/A,0.5096,0.8761,1.2574,1.5178,1.7943,2.0881,2.1588,NA
reference,EU_ReferenceScenario_2020,EU27 & UK,Secondary Energy|Electricity|Solar,EJ/yr,0.0052,N/A,N/A,N/A,N/A,0.0836,N/A,N/A,N/A,N/A,0.3636,N/A,N/A,N/A,N/A,0.5096,0.8761,1.2574,1.5178,1.7943,2.0881,2.1588,NA
reference,EU_ReferenceScenario_2020,EU27,Secondary Energy|Electricity|Wind,EJ/yr,0.2432,N/A,N/A,N/A,N/A,0.5008,N/A,N/A,N/A,N/A,0.9467,N/A,N/A,N/A,N/A,1.3999,2.1966,3.1547,3.7275,4.124,4.6417,4.8616,NA
reference,EU_ReferenceScenario_2020,EU27 & UK,Secondary Energy|Electricity|Wind,EJ/yr,0.2432,N/A,N/A,N/A,N/A,0.5008,N/A,N/A,N/A,N/A,0.9467,N/A,N/A,N/A,N/A,1.3999,2.1966,3.1547,3.7275,4.124,4.6417,4.8616,NA
reference,EU_ReferenceScenario_2020,EU27,Secondary Energy|Electricity|Wind|Offshore,EJ/yr,0.2377,N/A,N/A,N/A,N/A,0.4818,N/A,N/A,N/A,N/A,0.8843,N/A,N/A,N/A,N/A,1.2297,1.7862,2.4244,2.7853,3.0222,3.4004,3.5664,NA
reference,EU_ReferenceScenario_2020,EU27 & UK,Secondary Energy|Electricity|Wind|Offshore,EJ/yr,0.2377,N/A,N/A,N/A,N/A,0.4818,N/A,N/A,N/A,N/A,0.8843,N/A,N/A,N/A,N/A,1.2297,1.7862,2.4244,2.7853,3.0222,3.4004,3.5664,NA
reference,EU_ReferenceScenario_2020,EU27,Secondary Energy|Electricity|Wind|Onshore,EJ/yr,0.0055,N/A,N/A,N/A,N/A,0.019,N/A,N/A,N/A,N/A,0.0623,N/A,N/A,N/A,N/A,0.1702,0.4104,0.7303,0.9422,1.1018,1.2413,1.2952,NA
reference,EU_ReferenceScenario_2020,EU27 & UK,Secondary Energy|Electricity|Wind|Onshore,EJ/yr,0.0055,N/A,N/A,N/A,N/A,0.019,N/A,N/A,N/A,N/A,0.0623,N/A,N/A,N/A,N/A,0.1702,0.4104,0.7303,0.9422,1.1018,1.2413,1.2952,NA
reference,EU_ReferenceScenario_2020,EU27,Trade|Primary Energy|Coal|Volume,EJ/yr,-4.1047,N/A,N/A,N/A,N/A,-3.9265,N/A,N/A,N/A,N/A,-4.1126,N/A,N/A,N/A,N/A,-2.4998,-2.3884,-1.8383,-1.4083,-0.8578,-0.7379,-0.6727,NA
reference,EU_ReferenceScenario_2020,EU27 & UK,Trade|Primary Energy|Coal|Volume,EJ/yr,-4.1047,N/A,N/A,N/A,N/A,-3.9265,N/A,N/A,N/A,N/A,-4.1126,N/A,N/A,N/A,N/A,-2.4998,-2.3884,-1.8383,-1.4083,-0.8578,-0.7379,-0.6727,NA
reference,EU_ReferenceScenario_2020,EU27,Trade|Primary Energy|Gas|Volume,EJ/yr,-10.3891,N/A,N/A,N/A,N/A,-10.2931,N/A,N/A,N/A,N/A,-9.2067,N/A,N/A,N/A,N/A,-10.1788,-10.7957,-9.6289,-9.5313,-9.6093,-9.1394,-9.3374,NA
reference,EU_ReferenceScenario_2020,EU27 & UK,Trade|Primary Energy|Gas|Volume,EJ/yr,-10.3891,N/A,N/A,N/A,N/A,-10.2931,N/A,N/A,N/A,N/A,-9.2067,N/A,N/A,N/A,N/A,-10.1788,-10.7957,-9.6289,-9.5313,-9.6093,-9.1394,-9.3374,NA
reference,EU_ReferenceScenario_2020,EU27,Trade|Primary Energy|Oil|Volume,EJ/yr,-25.3883,N/A,N/A,N/A,N/A,-23.0541,N/A,N/A,N/A,N/A,-21.5201,N/A,N/A,N/A,N/A,-17.1778,-18.9464,-17.2879,-15.9644,-14.9591,-14.1875,-13.5757,NA
reference,EU_ReferenceScenario_2020,EU27 & UK,Trade|Primary Energy|Oil|Volume,EJ/yr,-25.3883,N/A,N/A,N/A,N/A,-23.0541,N/A,N/A,N/A,N/A,-21.5201,N/A,N/A,N/A,N/A,-17.1778,-18.9464,-17.2879,-15.9644,-14.9591,-14.1875,-13.5757,NA
reference,Eurostat,EU27,Emissions|CH4,Mt CH4/yr,18.3114,17.9784,17.8291,17.5304,17.234,16.9996,16.7007,16.6317,16.3468,16.1229,16.1479,15.9792,16.0379,15.7025,15.4052,N/A,N/A,N/A,N/A,N/A,N/A,N/A,NA
reference,Eurostat,EU27 & UK,Emissions|CH4,Mt CH4/yr,21.8949,21.3915,21.0919,20.5634,20.096,19.677,19.2708,19.1415,18.6931,18.3906,18.3806,18.1431,18.2212,17.874,N/A,N/A,N/A,N/A,N/A,N/A,N/A,N/A,NA
reference,Eurostat,EU27,Emissions|CH4|AFOLU|Land,Mt CH4/yr,0.2985,0.2722,0.32,0.2599,0.2716,0.2794,0.2806,0.3069,0.2503,0.252,0.2553,0.2619,0.369,0.2549,0.2605,N/A,N/A,N/A,N/A,N/A,N/A,N/A,NA
reference,Eurostat,EU27 & UK,Emissions|CH4|AFOLU|Land,Mt CH4/yr,0.4889,0.4625,0.5109,0.4506,0.4623,0.4709,0.4728,0.4987,0.4425,0.4436,0.448,0.4548,0.5617,0.4495,N/A,N/A,N/A,N/A,N/A,N/A,N/A,N/A,NA
reference,Eurostat,EU27,Emissions|CO2,Mt CO2/yr,3671.7648,3679.9275,3698.0972,3572.5996,3244.104,3360.0341,3266.4367,3172.6567,3083.9602,2965.6388,3028.9824,3047.2558,3119.4792,3051.9528,2929.6563,N/A,N/A,N/A,N/A,N/A,N/A,N/A,NA
reference,Eurostat,EU27 & UK,Emissions|CO2,Mt CO2/yr,4285.5894,4292.0609,4301.267,4163.5958,3782.4723,3913.2495,3779.2947,3701.0435,3602.5567,3446.2757,3492.9163,3488.4363,3551.3103,3476.6597,N/A,N/A,N/A,N/A,N/A,N/A,N/A,N/A,NA
reference,Eurostat,EU27,Emissions|CO2|AFOLU,Mt CO2/yr,-332.8394,-349.7684,-302.1676,-342.0375,-349.8813,-336.4565,-333.9343,-341.8136,-342.8917,-323.7728,-320.0967,-318.8701,-281.5353,-284.1241,-271.6241,N/A,N/A,N/A,N/A,N/A,N/A,N/A,NA
reference,Eurostat,EU27 & UK,Emissions|CO2|AFOLU,Mt CO2/yr,-331.7268,-349.2842,-302.2362,-342.6662,-350.6755,-337.4666,-335.4486,-343.2387,-344.2047,-325.358,-321.3377,-320.4527,-283.4078,-285.5074,N/A,N/A,N/A,N/A,N/A,N/A,N/A,N/A,NA
reference,Eurostat,EU27,Emissions|CO2|AFOLU|Land,Mt CO2/yr,-332.8394,-349.7684,-302.1676,-342.0375,-349.8813,-336.4565,-333.9343,-341.8136,-342.8917,-323.7728,-320.0967,-318.8701,-281.5353,-284.1241,-271.6241,N/A,N/A,N/A,N/A,N/A,N/A,N/A,NA
reference,Eurostat,EU27 & UK,Emissions|CO2|AFOLU|Land,Mt CO2/yr,-331.7268,-349.2842,-302.2362,-342.6662,-350.6755,-337.4666,-335.4486,-343.2387,-344.2047,-325.358,-321.3377,-320.4527,-283.4078,-285.5074,N/A,N/A,N/A,N/A,N/A,N/A,N/A,N/A,NA
reference,Eurostat,EU27,Emissions|CO2|Energy and Industrial Processes,Mt CO2/yr,4081.7471,4108.583,4019.4204,3974.0344,3688.4603,3776.7315,3675.008,3609.1148,3529.205,3374.0514,3423.8736,3429.2614,3415.9991,3344.793,3194.8923,N/A,N/A,N/A,N/A,N/A,N/A,N/A,NA
reference,Eurostat,EU27 & UK,Emissions|CO2|Energy and Industrial Processes,Mt CO2/yr,4648.1209,4673.1248,4576.0764,4516.981,4181.1876,4287.4434,4143.9612,4095.926,4005.9698,3812.2305,3845.2129,3827.671,3803.5897,3723.885,N/A,N/A,N/A,N/A,N/A,N/A,N/A,N/A,NA
reference,Eurostat,EU27,Emissions|CO2|Energy|Demand|Bunkers,Mt CO2/yr,246.7002,262.265,274.262,273.9316,246.7521,247.5134,250.5074,238.0557,230.8467,229.4038,235.6086,245.4434,256.6906,265.4454,268.6564,N/A,N/A,N/A,N/A,N/A,N/A,N/A,NA
reference,Eurostat,EU27 & UK,Emissions|CO2|Energy|Demand|Bunkers,Mt CO2/yr,290.3166,307.3023,319.3104,321.6666,292.4778,290.5922,295.8764,281.1189,274.1555,273.5292,279.4167,290.0882,303.3956,312.5604,N/A,N/A,N/A,N/A,N/A,N/A,N/A,N/A,NA
reference,Eurostat,EU27,Emissions|CO2|Energy|Demand|Industry,Mt CO2/yr,552.9902,543.6103,553.3418,533.1468,443.2982,474.9161,465.6884,447.3244,430.4431,416.3109,426.1472,430.2242,440.4365,441.86,429.6628,N/A,N/A,N/A,N/A,N/A,N/A,N/A,NA
reference,Eurostat,EU27 & UK,Emissions|CO2|Energy|Demand|Industry,Mt CO2/yr,633.4964,622.412,630.3869,605.3518,505.4485,537.0088,523.1174,504.4999,488.0284,473.6513,481.137,481.9082,492.4483,492.5471,N/A,N/A,N/A,N/A,N/A,N/A,N/A,N/A,NA
reference,Eurostat,EU27,Emissions|CO2|Energy|Demand|Residential and Commercial,Mt CO2/yr,558.4242,559.3873,487.9593,531.0275,518.1642,549.7988,481.8566,490.2489,494.6203,422.3014,447.3172,455.7521,450.6028,435.6031,429.5161,N/A,N/A,N/A,N/A,N/A,N/A,N/A,NA
reference,Eurostat,EU27 & UK,Emissions|CO2|Energy|Demand|Residential and Commercial,Mt CO2/yr,664.0791,660.2812,584.1735,632.1406,612.6585,655.2317,567.1565,584.2864,590.1114,502.3257,530.9569,541.1741,533.4533,521.694,N/A,N/A,N/A,N/A,N/A,N/A,N/A,N/A,NA
reference,Eurostat,EU27,Emissions|CO2|Energy|Demand|Transportation,Mt CO2/yr,837.5852,845.8238,854.4191,835.4836,813.158,809.5522,799.2142,769.6579,764.4807,770.3668,784.5779,802.2367,816.4577,818.3767,824.8907,N/A,N/A,N/A,N/A,N/A,N/A,N/A,NA
reference,Eurostat,EU27 & UK,Emissions|CO2|Energy|Demand|Transportation,Mt CO2/yr,968.2903,976.0716,985.8863,961.6114,934.7013,929.3085,917.043,886.7027,880.314,887.718,904.4895,924.5831,938.9778,939.0991,N/A,N/A,N/A,N/A,N/A,N/A,N/A,N/A,NA
reference,Eurostat,EU27,Emissions|CO2|Energy|Supply|Liquids,Mt CO2/yr,122.955,122.4213,123.733,121.5398,115.2731,114.4258,111.9037,108.9893,103.4116,101.6224,102.5363,102.8381,100.9865,99.8902,101.1179,N/A,N/A,N/A,N/A,N/A,N/A,N/A,NA
reference,Eurostat,EU27 & UK,Emissions|CO2|Energy|Supply|Liquids,Mt CO2/yr,142.8447,140.4252,141.541,138.8051,131.7421,131.4088,129.28,124.753,118.0874,115.1067,116.0378,116.4324,114.5468,112.9387,N/A,N/A,N/A,N/A,N/A,N/A,N/A,N/A,NA
reference,Eurostat,EU27,Emissions|CO2|Energy|Supply|Solids,Mt CO2/yr,62.5848,64.293,61.8145,58.0771,47.0266,54.6142,53.8851,44.155,41.5649,41.0716,39.2238,39.5367,38.8573,39.4687,38.0127,N/A,N/A,N/A,N/A,N/A,N/A,N/A,NA
reference,Eurostat,EU27 & UK,Emissions|CO2|Energy|Supply|Solids,Mt CO2/yr,82.352,83.224,79.8642,76.0511,64.3679,72.5624,70.0421,59.1792,56.3235,55.4948,54.2599,54.231,53.9388,53.9562,N/A,N/A,N/A,N/A,N/A,N/A,N/A,N/A,NA
reference,Eurostat,EU27,Emissions|CO2|Industrial Processes,Mt CO2/yr,298.8579,304.8193,308.4605,288.7412,224.6905,246.6129,246.5957,232.7733,230.1661,235.4731,234.1095,235.7307,244.506,241.8289,236.7683,N/A,N/A,N/A,N/A,N/A,N/A,N/A,NA
reference,Eurostat,EU27 & UK,Emissions|CO2|Industrial Processes,Mt CO2/yr,320.4169,325.4675,330.7215,309.1079,239.271,262.7384,261.6421,248.0103,247.2255,252.1096,250.2571,249.6825,258.9028,255.4634,N/A,N/A,N/A,N/A,N/A,N/A,N/A,N/A,NA
reference,Eurostat,EU27,Emissions|CO2|Industry and Industrial Processes,Mt CO2/yr,552.9902,543.6103,553.3418,533.1468,443.2982,474.9161,465.6884,447.3244,430.4431,416.3109,426.1472,430.2242,440.4365,441.86,429.6628,N/A,N/A,N/A,N/A,N/A,N/A,N/A,NA
reference,Eurostat,EU27 & UK,Emissions|CO2|Industry and Industrial Processes,Mt CO2/yr,633.4964,622.412,630.3869,605.3518,505.4485,537.0088,523.1174,504.4999,488.0284,473.6513,481.137,481.9082,492.4483,492.5471,N/A,N/A,N/A,N/A,N/A,N/A,N/A,N/A,NA
reference,Eurostat,EU27,Emissions|CO2|Other Removal,Mt CO2/yr,2.6225,2.6145,2.5256,2.4235,2.2472,2.2868,2.1737,2.0818,1.9346,1.877,1.8687,1.8067,1.7905,1.6817,1.6338,N/A,N/A,N/A,N/A,N/A,N/A,N/A,NA
reference,Eurostat,EU27 & UK,Emissions|CO2|Other Removal,Mt CO2/yr,2.6225,2.6145,2.5256,2.4235,2.2472,2.2868,2.1737,2.0818,1.9346,1.877,1.8687,1.8067,1.7905,1.6817,N/A,N/A,N/A,N/A,N/A,N/A,N/A,N/A,NA
reference,Eurostat,EU27,Emissions|Kyoto Gases,Mt CO2e/yr,4874.0991,4864.897,4890.8913,4748.3215,4392.4784,4492.8223,4389.5329,4294.9991,4204.4335,4090.4813,4151.9135,4166.7503,4247.1221,4158.0297,4018.1422,N/A,N/A,N/A,N/A,N/A,N/A,N/A,NA
reference,Eurostat,EU27 & UK,Emissions|Kyoto Gases,Mt CO2e/yr,5661.235,5644.4066,5657.3206,5495.6942,5081.4041,5193.5156,5044.9237,4964.4035,4860.3061,4707.9775,4751.0527,4740.7694,4812.0746,4714.139,N/A,N/A,N/A,N/A,N/A,N/A,N/A,N/A,NA
reference,Eurostat,EU27,Emissions|Kyoto Gases|AFOLU|Land,Mt CO2e/yr,-310.836,-328.7242,-279.6906,-321.3665,-328.7882,-315.2058,-312.5953,-319.4004,-322.1775,-302.8212,-298.0331,-296.6355,-255.9813,-262.0038,-249.0671,N/A,N/A,N/A,N/A,N/A,N/A,N/A,NA
reference,Eurostat,EU27 & UK,Emissions|Kyoto Gases|AFOLU|Land,Mt CO2e/yr,-302.5362,-321.1112,-272.6572,-314.9621,-322.6025,-309.2266,-307.1092,-313.8685,-316.533,-297.4951,-292.3461,-291.3051,-250.9676,-256.4482,N/A,N/A,N/A,N/A,N/A,N/A,N/A,N/A,NA
reference,Eurostat,EU27,Emissions|Kyoto Gases|Energy,Mt CO2e/yr,3808.8042,3824.8725,3788.6961,3723.3192,3460.5308,3542.0244,3442.5002,3370.8186,3282.2789,3134.6435,3197.3866,3209.9523,3237.3955,3172.195,3038.7055,N/A,N/A,N/A,N/A,N/A,N/A,N/A,NA
reference,Eurostat,EU27 & UK,Emissions|Kyoto Gases|Energy,Mt CO2e/yr,4412.0649,4427.2548,4380.324,4304.7427,3995.0828,4090.0802,3951.1384,3895.3301,3794.3416,3608.3012,3654.5837,3645.8416,3663.8633,3591.9224,N/A,N/A,N/A,N/A,N/A,N/A,N/A,N/A,NA
reference,Eurostat,EU27,Emissions|Kyoto Gases|Industrial Processes,Mt CO2e/yr,435.9709,437.8531,446.7925,421.4112,347.4337,363.9799,363.3332,350.362,348.243,354.8849,347.7972,349.2885,357.4813,349.1432,339.7814,N/A,N/A,N/A,N/A,N/A,N/A,N/A,NA
reference,Eurostat,EU27 & UK,Emissions|Kyoto Gases|Industrial Processes,Mt CO2e/yr,475.838,476.9828,488.2724,461.091,380.4122,399.6741,395.515,382.8547,382.8214,389.1966,381.546,380.1517,387.9353,377.5468,N/A,N/A,N/A,N/A,N/A,N/A,N/A,N/A,NA
reference,Eurostat,EU27,Emissions|Kyoto Gases|Other,Mt CO2e/yr,2.6225,2.6145,2.5256,2.4235,2.2472,2.2868,2.1737,2.0818,1.9346,1.877,1.8687,1.8067,1.7905,1.6817,1.6338,N/A,N/A,N/A,N/A,N/A,N/A,N/A,NA
reference,Eurostat,EU27 & UK,Emissions|Kyoto Gases|Other,Mt CO2e/yr,2.6225,2.6145,2.5256,2.4235,2.2472,2.2868,2.1737,2.0818,1.9346,1.877,1.8687,1.8067,1.7905,1.6817,N/A,N/A,N/A,N/A,N/A,N/A,N/A,N/A,NA
reference,Eurostat,EU27,Emissions|Kyoto Gases|Waste,Mt CO2e/yr,151.9273,149.1716,145.986,142.5353,140.6536,137.816,134.2083,131.2733,128.2274,124.4856,122.2564,119.6156,118.3694,116.8353,115.5145,N/A,N/A,N/A,N/A,N/A,N/A,N/A,NA
reference,Eurostat,EU27 & UK,Emissions|Kyoto Gases|Waste,Mt CO2e/yr,201.0834,195.0786,188.8254,180.9041,174.9813,167.5745,161.903,157.4913,151.5676,145.7136,143.0207,139.7699,138.8682,137.5838,N/A,N/A,N/A,N/A,N/A,N/A,N/A,N/A,NA
reference,Eurostat,EU27,Emissions|N2O,kt N2O/yr,936.86,901.57,908.04,869.9,826.67,791.11,776.05,772.73,773.1,782.39,786.65,785.08,800.43,785.61,778.98,N/A,N/A,N/A,N/A,N/A,N/A,N/A,NA
reference,Eurostat,EU27 & UK,Emissions|N2O,kt N2O/yr,1023.29,984.12,990.63,950.11,901.76,867.67,849.92,846.09,846.26,857.78,860.64,858.29,875.17,859.64,N/A,N/A,N/A,N/A,N/A,N/A,N/A,N/A,NA
reference,Eurostat,EU27,Emissions|N2O|AFOLU|Land,kt N2O/yr,48.8,47.79,48.59,47.55,48,47.87,48.04,49.47,48.5,49.18,52.63,52.64,54.79,52.83,53.83,N/A,N/A,N/A,N/A,N/A,N/A,N/A,NA
reference,Eurostat,EU27 & UK,Emissions|N2O|AFOLU|Land,kt N2O/yr,56.94,55.75,56.4,55.15,55.42,55.25,55.41,56.73,55.72,56.3,59.71,59.65,61.73,59.79,N/A,N/A,N/A,N/A,N/A,N/A,N/A,N/A,NA
reference,Eurostat,EU27,Final Energy,EJ/yr,48.9692,49.3209,48.694,48.954,46.3186,48.1456,46.4674,46.1272,45.831,44.1629,44.8923,45.8067,46.7636,46.7293,46.5277,N/A,N/A,N/A,N/A,N/A,N/A,N/A,NA
reference,Eurostat,EU27 & UK,Final Energy,EJ/yr,55.8106,56.0576,55.2702,55.5247,52.474,54.4971,52.3703,52.1182,51.8554,49.8996,50.7956,51.8103,52.7585,52.7729,N/A,N/A,N/A,N/A,N/A,N/A,N/A,N/A,NA
reference,Eurostat,EU27,Final Energy|Bunkers,EJ/yr,3.2803,3.4772,3.6267,3.6291,3.2736,3.3002,3.3274,3.1809,3.0852,3.0524,3.0995,3.2513,3.3923,3.5296,3.5694,N/A,N/A,N/A,N/A,N/A,N/A,N/A,NA
reference,Eurostat,EU27 & UK,Final Energy|Bunkers,EJ/yr,3.8799,4.0946,4.2436,4.2758,3.8857,3.8747,3.9345,3.755,3.6581,3.6268,3.6687,3.8271,3.9851,4.1346,N/A,N/A,N/A,N/A,N/A,N/A,N/A,N/A,NA
reference,Eurostat,EU27,Final Energy|Electricity,EJ/yr,8.7628,8.9504,9.0218,9.0689,8.607,9.0361,8.9094,8.9404,8.8586,8.674,8.8218,8.9343,9.0236,9.0368,8.9455,N/A,N/A,N/A,N/A,N/A,N/A,N/A,NA
reference,Eurostat,EU27 & UK,Final Energy|Electricity,EJ/yr,10.0181,10.1932,10.2518,10.2995,9.7653,10.2204,10.0541,10.0867,9.9974,9.7646,9.9147,10.0292,10.1024,10.116,N/A,N/A,N/A,N/A,N/A,N/A,N/A,N/A,NA
reference,Eurostat,EU27,Final Energy|Gases,EJ/yr,9.6317,9.45,9.0307,9.1667,8.5847,9.3956,8.6643,8.8804,9.0793,8.1089,8.3727,8.6942,8.7548,8.7724,8.6327,N/A,N/A,N/A,N/A,N/A,N/A,N/A,NA
reference,Eurostat,EU27 & UK,Final Energy|Gases,EJ/yr,11.7261,11.4434,10.9223,11.1156,10.3555,11.3519,10.2899,10.6527,10.8736,9.64,9.9603,10.3241,10.3483,10.4263,N/A,N/A,N/A,N/A,N/A,N/A,N/A,N/A,NA
reference,Eurostat,EU27,Final Energy|Gases|Biomass,EJ/yr,0.0225,0.0257,0.0337,0.0362,0.0447,0.0577,0.0657,0.0721,0.0831,0.0905,0.095,0.1029,0.1073,0.1045,0.1073,N/A,N/A,N/A,N/A,N/A,N/A,N/A,NA
reference,Eurostat,EU27 & UK,Final Energy|Gases|Biomass,EJ/yr,0.0251,0.0279,0.0362,0.0387,0.0472,0.0605,0.069,0.0755,0.0868,0.0951,0.0997,0.1105,0.1138,0.1127,N/A,N/A,N/A,N/A,N/A,N/A,N/A,N/A,NA
reference,Eurostat,EU27,Final Energy|Gases|Fossil,EJ/yr,9.6092,9.4243,8.997,9.1304,8.54,9.338,8.5985,8.8083,8.9962,8.0183,8.2778,8.5913,8.6475,8.668,8.5254,N/A,N/A,N/A,N/A,N/A,N/A,N/A,NA
reference,Eurostat,EU27 & UK,Final Energy|Gases|Fossil,EJ/yr,11.701,11.4155,10.8861,11.0769,10.3083,11.2914,10.2209,10.5772,10.7868,9.5449,9.8606,10.2136,10.2345,10.3136,N/A,N/A,N/A,N/A,N/A,N/A,N/A,N/A,NA
reference,Eurostat,EU27,Final Energy|Heat,EJ/yr,2.221,2.193,2.1085,2.1516,2.1388,2.3412,2.2173,2.2934,2.3157,2.1972,2.2497,2.3653,2.542,2.5266,2.5599,N/A,N/A,N/A,N/A,N/A,N/A,N/A,NA
reference,Eurostat,EU27 & UK,Final Energy|Heat,EJ/yr,2.2753,2.2467,2.1664,2.2144,2.1913,2.3971,2.2721,2.35,2.3746,2.2554,2.35,2.4659,2.642,2.6273,N/A,N/A,N/A,N/A,N/A,N/A,N/A,N/A,NA
reference,Eurostat,EU27,Final Energy|Industry,EJ/yr,11.5098,11.2988,11.5054,11.12,9.6126,10.1998,10.2347,10.045,9.9176,9.7828,9.766,9.8925,10.0274,10.1502,10.0094,N/A,N/A,N/A,N/A,N/A,N/A,N/A,NA
reference,Eurostat,EU27 & UK,Final Energy|Industry,EJ/yr,12.7828,12.5381,12.7222,12.3121,10.6295,11.2722,11.2378,11.0251,10.9128,10.745,10.7288,10.7821,10.9322,11.0502,N/A,N/A,N/A,N/A,N/A,N/A,N/A,N/A,NA
reference,Eurostat,EU27,Final Energy|Liquids,EJ/yr,24.7746,25.0006,24.6825,24.6169,23.1522,23.267,22.777,21.9533,21.5011,21.3936,21.5434,21.8589,22.4432,22.45,22.5218,N/A,N/A,N/A,N/A,N/A,N/A,N/A,NA
reference,Eurostat,EU27 & UK,Final Energy|Liquids,EJ/yr,28.0871,28.3265,27.9481,27.7884,26.1778,26.2548,25.7008,24.805,24.3245,24.2421,24.4594,24.834,25.4682,25.4539,N/A,N/A,N/A,N/A,N/A,N/A,N/A,N/A,NA
reference,Eurostat,EU27,Final Energy|Liquids|Biomass,EJ/yr,0.1369,0.2288,0.3206,0.3917,0.4626,0.5209,0.5418,0.5765,0.5142,0.556,0.5566,0.5517,0.6048,0.6727,0.6959,N/A,N/A,N/A,N/A,N/A,N/A,N/A,NA
reference,Eurostat,EU27 & UK,Final Energy|Liquids|Biomass,EJ/yr,0.1398,0.2364,0.3352,0.4251,0.504,0.5691,0.5863,0.614,0.557,0.605,0.5956,0.5913,0.6439,0.7266,N/A,N/A,N/A,N/A,N/A,N/A,N/A,N/A,NA
reference,Eurostat,EU27,Final Energy|Liquids|Fossil,EJ/yr,16.9666,16.9057,16.3468,16.3341,15.5213,15.3301,14.872,14.3262,14.166,13.9651,14.1912,14.369,14.4796,14.4293,14.4736,N/A,N/A,N/A,N/A,N/A,N/A,N/A,NA
reference,Eurostat,EU27 & UK,Final Energy|Liquids|Fossil,EJ/yr,19.2014,19.1496,18.5935,18.4696,17.5565,17.3644,16.824,16.2848,16.0884,15.9096,16.1907,16.3982,16.532,16.4412,N/A,N/A,N/A,N/A,N/A,N/A,N/A,N/A,NA
reference,Eurostat,EU27,Final Energy|Non-Energy Use,EJ/yr,4.39,4.39,4.39,4.26,3.89,4.12,4.04,3.87,3.74,3.82,3.7,3.69,3.97,3.82,3.79,N/A,N/A,N/A,N/A,N/A,N/A,N/A,NA
reference,Eurostat,EU27 & UK,Final Energy|Non-Energy Use,EJ/yr,4.87,4.85,4.78,4.62,4.23,4.45,4.36,4.16,4.02,4.1,4.01,4.02,4.31,4.15,N/A,N/A,N/A,N/A,N/A,N/A,N/A,N/A,NA
reference,Eurostat,EU27,Final Energy|Other Sector,EJ/yr,1.4839,1.4549,1.244,1.226,1.2008,1.2719,1.2667,1.2574,1.2684,1.2441,1.2255,1.2352,1.2463,1.3478,1.3668,N/A,N/A,N/A,N/A,N/A,N/A,N/A,NA
reference,Eurostat,EU27 & UK,Final Energy|Other Sector,EJ/yr,1.6075,1.5665,1.3502,1.3318,1.2776,1.356,1.3485,1.3456,1.3611,1.3355,1.3099,1.3478,1.3608,1.462,N/A,N/A,N/A,N/A,N/A,N/A,N/A,N/A,NA
reference,Eurostat,EU27,Final Energy|Residential and Commercial,EJ/yr,16.5161,16.6763,15.7097,16.6669,16.5934,17.5312,15.9151,16.4998,16.6928,14.9909,15.6752,16.0468,16.1974,15.8837,15.6751,N/A,N/A,N/A,N/A,N/A,N/A,N/A,NA
reference,Eurostat,EU27 & UK,Final Energy|Residential and Commercial,EJ/yr,19.0701,19.1483,18.105,19.1585,18.9835,20.1287,18.1351,18.8942,19.123,17.1403,17.9402,18.3918,18.4841,18.2274,N/A,N/A,N/A,N/A,N/A,N/A,N/A,N/A,NA
reference,Eurostat,EU27,Final Energy|Solids,EJ/yr,3.5791,3.7269,3.8505,3.9499,3.836,4.1057,3.8995,4.0595,4.0763,3.7892,3.9044,3.9539,3.998,3.9401,3.8598,N/A,N/A,N/A,N/A,N/A,N/A,N/A,NA
reference,Eurostat,EU27 & UK,Final Energy|Solids,EJ/yr,3.704,3.8478,3.9816,4.1069,3.9841,4.2729,4.0534,4.2238,4.2852,3.9975,4.1109,4.1571,4.1955,4.1461,N/A,N/A,N/A,N/A,N/A,N/A,N/A,N/A,NA
reference,Eurostat,EU27,Final Energy|Solids|Biomass,EJ/yr,2.3052,2.3884,2.5338,2.6412,2.6477,2.8317,2.6227,2.8267,2.8773,2.6474,2.7561,2.7826,2.8166,2.7929,2.8241,N/A,N/A,N/A,N/A,N/A,N/A,N/A,NA
reference,Eurostat,EU27 & UK,Final Energy|Solids|Biomass,EJ/yr,2.3225,2.4078,2.5557,2.6896,2.6992,2.8967,2.6821,2.8954,2.9678,2.7396,2.8618,2.8957,2.9323,2.9224,N/A,N/A,N/A,N/A,N/A,N/A,N/A,N/A,NA
reference,Eurostat,EU27,Final Energy|Transportation,EJ/yr,11.7892,12.0237,12.2182,12.0519,11.7481,11.7225,11.6836,11.2741,11.1269,11.2727,11.4261,11.6909,11.9303,11.9981,12.1169,N/A,N/A,N/A,N/A,N/A,N/A,N/A,NA
reference,Eurostat,EU27 & UK,Final Energy|Transportation,EJ/yr,13.6004,13.8601,14.0692,13.8264,13.4676,13.4155,13.3545,12.9383,12.7803,12.952,13.138,13.4416,13.6862,13.7487,N/A,N/A,N/A,N/A,N/A,N/A,N/A,N/A,NA
reference,Eurostat,EU27,Gross Emissions|CO2|Industrial Processes,Mt CO2/yr,298.8579,304.8193,308.4605,288.7412,224.6905,246.6129,246.5957,232.7733,230.1661,235.4731,234.1095,235.7307,244.506,241.8289,236.7683,N/A,N/A,N/A,N/A,N/A,N/A,N/A,NA
reference,Eurostat,EU27 & UK,Gross Emissions|CO2|Industrial Processes,Mt CO2/yr,320.4169,325.4675,330.7215,309.1079,239.271,262.7384,261.6421,248.0103,247.2255,252.1096,250.2571,249.6825,258.9028,255.4634,N/A,N/A,N/A,N/A,N/A,N/A,N/A,N/A,NA
reference,Eurostat,EU27,Population,million,434.419,435.816,437.229,438.724,440.047,440.66,439.945,440.551,441.261,442.882,443.669,444.801,445.536,446.205,446.448,N/A,N/A,N/A,N/A,N/A,N/A,N/A,NA
reference,Eurostat,EU27 & UK,Population,million,494.601,496.436,498.302,500.296,502.089,503.17,502.968,504.046,505.166,507.233,508.522,510.18,511.38,512.479,N/A,N/A,N/A,N/A,N/A,N/A,N/A,N/A,NA
reference,Eurostat,EU27,Primary Energy,EJ/yr,60.4932,61.0651,60.4947,60.2636,56.7921,59.1057,57.3068,56.7088,56.141,53.9422,54.9379,55.6189,56.9571,56.4617,55.3527,N/A,N/A,N/A,N/A,N/A,N/A,N/A,NA
reference,Eurostat,EU27 & UK,Primary Energy,EJ/yr,69.7359,70.2083,69.4069,69.1102,64.919,67.637,65.1664,64.7488,64.0272,61.4112,62.488,63.0587,64.3252,63.7999,N/A,N/A,N/A,N/A,N/A,N/A,N/A,N/A,NA
reference,Eurostat,EU27,Primary Energy|Biomass,EJ/yr,3.3838,3.6454,3.9716,4.2714,4.4723,4.9274,4.7822,5.2289,5.3193,5.182,5.3311,5.3959,5.545,5.5693,5.7024,N/A,N/A,N/A,N/A,N/A,N/A,N/A,NA
reference,Eurostat,EU27 & UK,Primary Energy|Biomass,EJ/yr,3.519,3.7911,4.1215,4.4736,4.7047,5.1895,5.053,5.5052,5.6333,5.5479,5.746,5.8406,6.0131,6.0813,N/A,N/A,N/A,N/A,N/A,N/A,N/A,N/A,NA
reference,Eurostat,EU27,Primary Energy|Coal,EJ/yr,11.5991,11.9378,11.9897,11.0933,9.8365,10.4013,10.6211,10.5428,10.3422,9.8402,9.8959,9.499,9.2524,8.9108,7.1737,N/A,N/A,N/A,N/A,N/A,N/A,N/A,NA
reference,Eurostat,EU27 & UK,Primary Energy|Coal,EJ/yr,13.1788,13.6607,13.636,12.5998,11.0569,11.7356,11.9144,12.189,11.888,11.0779,10.92,10.0265,9.6703,9.2415,N/A,N/A,N/A,N/A,N/A,N/A,N/A,N/A,NA
reference,Eurostat,EU27,Primary Energy|Gas,EJ/yr,15.0578,15.0356,14.779,15.0402,14.1363,15.1893,13.9617,13.7063,13.4539,11.8687,12.3954,13.1189,13.8524,13.5996,14.0559,N/A,N/A,N/A,N/A,N/A,N/A,N/A,NA
reference,Eurostat,EU27 & UK,Primary Energy|Gas,EJ/yr,18.6367,18.4299,18.2105,18.5948,17.4062,18.7401,16.9067,16.4859,16.2079,14.3771,14.9569,15.9994,16.6568,16.424,N/A,N/A,N/A,N/A,N/A,N/A,N/A,N/A,NA
reference,Eurostat,EU27,Primary Energy|Geothermal,EJ/yr,0.2487,0.2659,0.283,0.2989,0.309,0.3303,0.4011,0.4204,0.4476,0.4957,0.5334,0.5753,0.7427,0.7729,0.8106,N/A,N/A,N/A,N/A,N/A,N/A,N/A,NA
reference,Eurostat,EU27 & UK,Primary Energy|Geothermal,EJ/yr,0.2487,0.2659,0.2826,0.2989,0.309,0.3308,0.4024,0.4229,0.4526,0.5003,0.5761,0.6167,0.7817,0.8106,N/A,N/A,N/A,N/A,N/A,N/A,N/A,N/A,NA
reference,Eurostat,EU27,Primary Energy|Hydro,EJ/yr,1.1099,1.1212,1.1137,1.1777,1.1899,1.344,1.1066,1.1941,1.3247,1.3322,1.2096,1.2443,1.0597,1.238,1.1514,N/A,N/A,N/A,N/A,N/A,N/A,N/A,NA
reference,Eurostat,EU27 & UK,Primary Energy|Hydro,EJ/yr,1.1279,1.1376,1.1317,1.1962,1.2087,1.3569,1.1271,1.2133,1.3419,1.3532,1.2322,1.2636,1.081,1.2594,N/A,N/A,N/A,N/A,N/A,N/A,N/A,N/A,NA
reference,Eurostat,EU27,Primary Energy|Nuclear,EJ/yr,3.2713,3.2655,3.1151,3.1594,2.9428,3.0465,2.9873,2.8892,2.864,2.8955,2.8227,2.7329,2.7025,2.7044,2.7209,N/A,N/A,N/A,N/A,N/A,N/A,N/A,NA
reference,Eurostat,EU27 & UK,Primary Energy|Nuclear,EJ/yr,3.5623,3.5344,3.3396,3.3465,3.1532,3.2411,3.2056,3.1023,3.0812,3.0895,3.0409,2.9501,2.9115,2.8987,N/A,N/A,N/A,N/A,N/A,N/A,N/A,N/A,NA
reference,Eurostat,EU27,Primary Energy|Oil,EJ/yr,25.1916,25.1116,24.417,24.291,22.8507,22.7172,22.0942,21.1459,20.6694,20.4982,20.7355,20.9512,21.5197,21.2853,21.1479,N/A,N/A,N/A,N/A,N/A,N/A,N/A,NA
reference,Eurostat,EU27 & UK,Primary Energy|Oil,EJ/yr,28.7637,28.6398,27.7937,27.5801,25.9573,25.8292,25.0932,24.0971,23.5122,23.3942,23.7165,23.974,24.6071,24.3266,N/A,N/A,N/A,N/A,N/A,N/A,N/A,N/A,NA
reference,Eurostat,EU27,Primary Energy|Solar,EJ/yr,0.0364,0.044,0.0536,0.0737,0.1063,0.1562,0.2554,0.3764,0.4425,0.4932,0.5238,0.5267,0.5585,0.5786,0.6276,N/A,N/A,N/A,N/A,N/A,N/A,N/A,NA
reference,Eurostat,EU27 & UK,Primary Energy|Solar,EJ/yr,0.0373,0.0452,0.0557,0.0749,0.1084,0.1578,0.2579,0.3831,0.4518,0.51,0.5531,0.5665,0.6021,0.6259,N/A,N/A,N/A,N/A,N/A,N/A,N/A,N/A,NA
reference,Eurostat,EU27,Primary Energy|Wind,EJ/yr,0.2453,0.2834,0.3596,0.4078,0.4484,0.5033,0.5954,0.6749,0.754,0.8005,0.9475,0.9605,1.1242,1.1539,1.3218,N/A,N/A,N/A,N/A,N/A,N/A,N/A,NA
reference,Eurostat,EU27 & UK,Primary Energy|Wind,EJ/yr,0.2554,0.2985,0.3785,0.4333,0.4819,0.5405,0.6527,0.7465,0.8562,0.9157,1.0923,1.0944,1.3029,1.3586,N/A,N/A,N/A,N/A,N/A,N/A,N/A,N/A,NA
reference,Eurostat,EU27,Secondary Energy|Electricity,EJ/yr,10.5036,10.6872,10.7406,10.7806,10.2331,10.7315,10.5734,10.5637,10.4989,10.2838,10.4422,10.5198,10.6366,10.585,10.4544,N/A,N/A,N/A,N/A,N/A,N/A,N/A,NA
reference,Eurostat,EU27 & UK,Secondary Energy|Electricity,EJ/yr,11.9377,12.1174,12.1692,12.1807,11.5895,12.107,11.8982,11.8737,11.7887,11.5009,11.6593,11.7358,11.8465,11.7757,N/A,N/A,N/A,N/A,N/A,N/A,N/A,N/A,NA
reference,Eurostat,EU27,Secondary Energy|Electricity|Biomass,EJ/yr,0.1906,0.215,0.2249,0.2482,0.2697,0.3073,0.3129,0.3322,0.3311,0.3364,0.3442,0.3461,0.353,0.3623,0.378,N/A,N/A,N/A,N/A,N/A,N/A,N/A,NA
reference,Eurostat,EU27 & UK,Secondary Energy|Electricity|Biomass,EJ/yr,0.2062,0.2308,0.2398,0.2637,0.2882,0.3297,0.3381,0.362,0.3723,0.393,0.4235,0.4263,0.4394,0.4601,N/A,N/A,N/A,N/A,N/A,N/A,N/A,N/A,NA
reference,Eurostat,EU27,Secondary Energy|Electricity|Coal,EJ/yr,2.9018,2.9292,2.971,2.7133,2.523,2.5155,2.6015,2.6651,2.6136,2.484,2.5286,2.3631,2.2914,2.1361,1.6168,N/A,N/A,N/A,N/A,N/A,N/A,N/A,NA
reference,Eurostat,EU27 & UK,Secondary Energy|Electricity|Coal,EJ/yr,3.3865,3.465,3.4605,3.1611,2.894,2.9028,2.9919,3.1791,3.0825,2.8448,2.8018,2.4735,2.3725,2.1967,N/A,N/A,N/A,N/A,N/A,N/A,N/A,N/A,NA
reference,Eurostat,EU27,Secondary Energy|Electricity|Gas,EJ/yr,2.0078,2.1125,2.254,2.4026,2.205,2.3385,2.2445,2.0045,1.7776,1.5825,1.7366,1.9918,2.2091,2.0787,2.3562,N/A,N/A,N/A,N/A,N/A,N/A,N/A,NA
reference,Eurostat,EU27 & UK,Secondary Energy|Electricity|Gas,EJ/yr,2.5806,2.6429,2.8751,3.0609,2.8295,2.9967,2.7983,2.393,2.1517,1.9756,2.1233,2.5336,2.7258,2.5753,N/A,N/A,N/A,N/A,N/A,N/A,N/A,N/A,NA
reference,Eurostat,EU27,Secondary Energy|Electricity|Geothermal,EJ/yr,0.0194,0.0202,0.0208,0.0206,0.02,0.0202,0.0214,0.021,0.0217,0.0227,0.0238,0.0242,0.0242,0.024,0.0242,N/A,N/A,N/A,N/A,N/A,N/A,N/A,NA
reference,Eurostat,EU27 & UK,Secondary Energy|Electricity|Geothermal,EJ/yr,0.0194,0.0202,0.0208,0.0206,0.02,0.0202,0.0214,0.021,0.0217,0.0227,0.0238,0.0242,0.0242,0.024,N/A,N/A,N/A,N/A,N/A,N/A,N/A,N/A,NA
reference,Eurostat,EU27,Secondary Energy|Electricity|Hydro,EJ/yr,1.226,1.2337,1.22,1.2776,1.2876,1.4446,1.1983,1.2944,1.4279,1.435,1.3077,1.3418,1.1609,1.3329,1.243,N/A,N/A,N/A,N/A,N/A,N/A,N/A,NA
reference,Eurostat,EU27 & UK,Secondary Energy|Electricity|Hydro,EJ/yr,1.2542,1.2642,1.2522,1.3108,1.3197,1.4689,1.2292,1.3242,1.4553,1.4666,1.3402,1.3718,1.1925,1.3617,N/A,N/A,N/A,N/A,N/A,N/A,N/A,N/A,NA
reference,Eurostat,EU27,Secondary Energy|Electricity|Nuclear,EJ/yr,3.2979,3.2919,3.1401,3.185,2.9697,3.0761,3.016,2.9231,2.9024,2.9252,2.832,2.7647,2.7338,2.743,2.7552,N/A,N/A,N/A,N/A,N/A,N/A,N/A,NA
reference,Eurostat,EU27 & UK,Secondary Energy|Electricity|Nuclear,EJ/yr,3.5917,3.5636,3.367,3.374,3.2184,3.2998,3.2643,3.1765,3.1566,3.1547,3.0853,3.0229,2.987,2.9772,N/A,N/A,N/A,N/A,N/A,N/A,N/A,N/A,NA
reference,Eurostat,EU27,Secondary Energy|Electricity|Oil,EJ/yr,0.4948,0.4682,0.394,0.3656,0.3346,0.2955,0.2685,0.2612,0.2275,0.2179,0.2279,0.2232,0.2112,0.1963,0.187,N/A,N/A,N/A,N/A,N/A,N/A,N/A,NA
reference,Eurostat,EU27 & UK,Secondary Energy|Electricity|Oil,EJ/yr,0.514,0.4904,0.4121,0.3897,0.3562,0.3128,0.2798,0.2717,0.235,0.2248,0.2352,0.23,0.2171,0.2002,N/A,N/A,N/A,N/A,N/A,N/A,N/A,N/A,NA
reference,Eurostat,EU27,Secondary Energy|Electricity|Solar,EJ/yr,0.0053,0.009,0.0136,0.0268,0.0508,0.0836,0.1702,0.2526,0.3028,0.339,0.3631,0.3637,0.3886,0.4153,0.4526,N/A,N/A,N/A,N/A,N/A,N/A,N/A,NA
reference,Eurostat,EU27 & UK,Secondary Energy|Electricity|Solar,EJ/yr,0.0053,0.009,0.0136,0.0268,0.0508,0.0838,0.1711,0.2575,0.31,0.3536,0.3902,0.4012,0.4299,0.4615,N/A,N/A,N/A,N/A,N/A,N/A,N/A,N/A,NA
reference,Eurostat,EU27,Secondary Energy|Electricity|Wind,EJ/yr,0.2451,0.2834,0.3597,0.4076,0.4484,0.5034,0.5952,0.6749,0.7541,0.8005,0.9475,0.9606,1.1243,1.1538,1.3216,N/A,N/A,N/A,N/A,N/A,N/A,N/A,NA
reference,Eurostat,EU27 & UK,Secondary Energy|Electricity|Wind,EJ/yr,0.2556,0.2986,0.3787,0.4333,0.4818,0.5405,0.6527,0.7463,0.8563,0.9155,1.0925,1.0944,1.303,1.3587,N/A,N/A,N/A,N/A,N/A,N/A,N/A,N/A,NA
reference,Eurostat,EU27,Secondary Energy|Heat,EJ/yr,2.4876,2.4689,2.3723,2.3728,2.3393,2.5797,2.3791,2.4232,2.4097,2.225,2.2483,2.3426,2.3378,2.2781,2.2399,N/A,N/A,N/A,N/A,N/A,N/A,N/A,NA
reference,Eurostat,EU27 & UK,Secondary Energy|Heat,EJ/yr,2.5448,2.5236,2.4311,2.4372,2.3937,2.6367,2.4372,2.4815,2.4663,2.2853,2.3114,2.4078,2.4043,2.3445,N/A,N/A,N/A,N/A,N/A,N/A,N/A,N/A,NA
reference,Eurostat,EU27,Secondary Energy|Heat|Biomass,EJ/yr,0.2722,0.2856,0.296,0.3253,0.3411,0.4077,0.4111,0.4694,0.5022,0.5139,0.5398,0.5777,0.6027,0.6076,0.6381,N/A,N/A,N/A,N/A,N/A,N/A,N/A,NA
reference,Eurostat,EU27 & UK,Secondary Energy|Heat|Biomass,EJ/yr,0.2722,0.2856,0.296,0.3253,0.3417,0.4078,0.4123,0.4711,0.5025,0.5145,0.5433,0.5814,0.6067,0.612,N/A,N/A,N/A,N/A,N/A,N/A,N/A,N/A,NA
reference,Eurostat,EU27,Secondary Energy|Heat|Geothermal,EJ/yr,0.0047,0.0045,0.0043,0.0045,0.0043,0.0052,0.0047,0.0053,0.0062,0.0071,0.0082,0.0099,0.011,0.0118,0.0129,N/A,N/A,N/A,N/A,N/A,N/A,N/A,NA
reference,Eurostat,EU27 & UK,Secondary Energy|Heat|Geothermal,EJ/yr,0.0047,0.0045,0.0043,0.0045,0.0043,0.0052,0.0047,0.0053,0.0062,0.0071,0.0082,0.0099,0.011,0.0118,N/A,N/A,N/A,N/A,N/A,N/A,N/A,N/A,NA
reference,Eurostat,EU27,Secondary Energy|Solids,EJ/yr,1.4968,1.5567,1.5414,1.4895,1.1231,1.339,1.3359,1.2917,1.2657,1.2511,1.2393,1.2456,1.2489,1.2463,1.1318,N/A,N/A,N/A,N/A,N/A,N/A,N/A,NA
reference,Eurostat,EU27 & UK,Secondary Energy|Solids,EJ/yr,1.6405,1.7087,1.6878,1.6346,1.247,1.4737,1.4705,1.4158,1.394,1.3725,1.3312,1.2946,1.2976,1.2915,N/A,N/A,N/A,N/A,N/A,N/A,N/A,N/A,NA
reference,Eurostat,EU27,Trade|Primary Energy|Biomass|Volume,EJ/yr,-0.0709,-0.114,-0.1338,-0.1487,-0.1802,-0.2124,-0.2567,-0.2511,-0.1781,-0.1779,-0.1477,-0.1629,-0.1852,-0.223,-0.2055,N/A,N/A,N/A,N/A,N/A,N/A,N/A,NA
reference,Eurostat,EU27 & UK,Trade|Primary Energy|Biomass|Volume,EJ/yr,-0.0884,-0.1297,-0.1455,-0.1855,-0.2285,-0.2781,-0.3197,-0.3038,-0.252,-0.2843,-0.2696,-0.2845,-0.2935,-0.3672,N/A,N/A,N/A,N/A,N/A,N/A,N/A,N/A,NA
reference,Eurostat,EU27,Trade|Primary Energy|Coal|Volume,EJ/yr,-4.1005,-4.4346,-4.5376,-4.5521,-3.5457,-3.9233,-4.2406,-4.1516,-4.0049,-4.0399,-4.0152,-3.8637,-3.9635,-3.8587,-3.1119,N/A,N/A,N/A,N/A,N/A,N/A,N/A,NA
reference,Eurostat,EU27 & UK,Trade|Primary Energy|Coal|Volume,EJ/yr,-5.242,-5.7453,-5.6667,-5.6928,-4.5195,-4.5951,-5.0636,-5.2826,-5.3165,-5.1489,-4.6261,-4.1266,-4.2072,-4.1393,N/A,N/A,N/A,N/A,N/A,N/A,N/A,N/A,NA
reference,Eurostat,EU27,Trade|Primary Energy|Gas|Volume,EJ/yr,-10.3874,-10.7101,-10.1474,-10.5482,-9.9909,-10.2918,-9.9994,-9.4901,-9.1854,-8.5347,-9.2337,-9.9299,-11.1097,-11.3248,-12.6082,N/A,N/A,N/A,N/A,N/A,N/A,N/A,NA
reference,Eurostat,EU27 & UK,Trade|Primary Energy|Gas|Volume,EJ/yr,-10.6374,-11.11,-10.8436,-11.4761,-11.0754,-11.7112,-11.361,-10.8595,-10.6064,-9.7044,-10.3453,-11.2586,-12.3747,-12.7238,N/A,N/A,N/A,N/A,N/A,N/A,N/A,N/A,NA
reference,Eurostat,EU27,Trade|Primary Energy|Oil|Volume,EJ/yr,-25.3767,-25.4107,-24.6448,-24.8926,-23.1879,-23.0368,-22.2889,-21.4137,-20.9471,-20.6941,-21.5149,-21.3256,-21.6769,-21.6488,-22.1043,N/A,N/A,N/A,N/A,N/A,N/A,N/A,NA
reference,Eurostat,EU27 & UK,Trade|Primary Energy|Oil|Volume,EJ/yr,-25.2629,-25.7246,-24.718,-25.205,-23.4381,-23.4912,-23.126,-22.5346,-22.1141,-21.9628,-22.6455,-22.389,-22.8057,-22.5399,N/A,N/A,N/A,N/A,N/A,N/A,N/A,N/A,NA
reference,IEA,EU27,Final Energy,EJ/yr,49.4064,49.6969,49.1136,49.2582,46.6281,48.5478,46.5264,46.1668,45.9243,44.2918,45.1446,N/A,N/A,N/A,N/A,N/A,N/A,N/A,N/A,N/A,N/A,N/A,NA
reference,IEA,EU27 & UK,Final Energy,EJ/yr,56.2535,56.4516,55.7129,55.8702,52.782,54.9247,52.4336,52.1658,51.943,50.017,50.9789,N/A,N/A,N/A,N/A,N/A,N/A,N/A,N/A,N/A,N/A,N/A,NA
reference,IEA,EU27,Final Energy|Electricity,EJ/yr,8.7809,8.9756,9.05,9.0942,8.6271,9.0478,8.8953,8.919,8.8396,8.6886,8.8263,N/A,N/A,N/A,N/A,N/A,N/A,N/A,N/A,N/A,N/A,N/A,NA
reference,IEA,EU27 & UK,Final Energy|Electricity,EJ/yr,10.0382,10.2205,10.2819,10.3267,9.7873,10.2333,10.0411,10.0657,9.9804,9.7814,9.918,N/A,N/A,N/A,N/A,N/A,N/A,N/A,N/A,N/A,N/A,N/A,NA
reference,IEA,EU27,Final Energy|Gases,EJ/yr,10.2969,10.0766,9.723,9.8614,9.2138,10.1062,9.2364,9.5374,9.7981,8.8334,9.1153,N/A,N/A,N/A,N/A,N/A,N/A,N/A,N/A,N/A,N/A,N/A,NA
reference,IEA,EU27 & UK,Final Energy|Gases,EJ/yr,12.433,12.1117,11.6638,11.8536,11.003,12.1027,10.8825,11.3433,11.6176,10.3774,10.7148,N/A,N/A,N/A,N/A,N/A,N/A,N/A,N/A,N/A,N/A,N/A,NA
reference,IEA,EU27,Final Energy|Heat,EJ/yr,2.2307,2.2148,2.1292,2.1306,2.0992,2.3488,2.1498,2.1528,2.151,1.9785,2.0075,N/A,N/A,N/A,N/A,N/A,N/A,N/A,N/A,N/A,N/A,N/A,NA
reference,IEA,EU27 & UK,Final Energy|Heat,EJ/yr,2.2867,2.2695,2.1881,2.195,2.1536,2.4057,2.208,2.217,2.2074,2.039,2.067,N/A,N/A,N/A,N/A,N/A,N/A,N/A,N/A,N/A,N/A,N/A,NA
reference,IEA,EU27,Final Energy|Industry|Electricity,EJ/yr,3.81,3.8159,3.8649,3.7759,3.2752,3.4789,3.5143,3.4445,3.4049,3.4404,3.4634,N/A,N/A,N/A,N/A,N/A,N/A,N/A,N/A,N/A,N/A,N/A,NA
reference,IEA,EU27 & UK,Final Energy|Industry|Electricity,EJ/yr,4.244,4.2458,4.2874,4.2032,3.6497,3.8713,3.8985,3.8137,3.77,3.7904,3.8122,N/A,N/A,N/A,N/A,N/A,N/A,N/A,N/A,N/A,N/A,N/A,NA
reference,IEA,EU27,Final Energy|Industry|Heat,EJ/yr,0.7244,0.7645,0.7453,0.7313,0.725,0.786,0.7857,0.8005,0.7988,0.751,0.7496,N/A,N/A,N/A,N/A,N/A,N/A,N/A,N/A,N/A,N/A,N/A,NA
reference,IEA,EU27 & UK,Final Energy|Industry|Heat,EJ/yr,0.7621,0.8009,0.7857,0.777,0.7609,0.8243,0.8255,0.8454,0.8363,0.7928,0.79,N/A,N/A,N/A,N/A,N/A,N/A,N/A,N/A,N/A,N/A,N/A,NA
reference,IEA,EU27,Final Energy|Industry|Solids|Biomass,EJ/yr,0.8131,0.8436,0.892,0.8628,0.8704,0.9406,0.9395,0.9041,0.9641,0.9948,1.0294,N/A,N/A,N/A,N/A,N/A,N/A,N/A,N/A,N/A,N/A,N/A,NA
reference,IEA,EU27 & UK,Final Energy|Industry|Solids|Biomass,EJ/yr,0.8227,0.854,0.9048,0.882,0.8892,0.9626,0.9622,0.925,0.9938,1.0307,1.0753,N/A,N/A,N/A,N/A,N/A,N/A,N/A,N/A,N/A,N/A,N/A,NA
reference,IEA,EU27,Final Energy|Industry|Solids|Fossil,EJ/yr,1.5024,1.4824,1.4507,1.3742,1.1539,1.2281,1.2925,1.2074,1.1255,1.0647,1.1222,N/A,N/A,N/A,N/A,N/A,N/A,N/A,N/A,N/A,N/A,N/A,NA
reference,IEA,EU27 & UK,Final Energy|Industry|Solids|Fossil,EJ/yr,1.6359,1.6244,1.5839,1.5272,1.264,1.349,1.3967,1.3112,1.2526,1.2017,1.2398,N/A,N/A,N/A,N/A,N/A,N/A,N/A,N/A,N/A,N/A,N/A,NA
reference,IEA,EU27,Final Energy|Liquids,EJ/yr,23.8599,24.107,23.8361,23.7659,22.4221,22.4585,21.8554,21.1074,20.7058,20.6058,20.814,N/A,N/A,N/A,N/A,N/A,N/A,N/A,N/A,N/A,N/A,N/A,NA
reference,IEA,EU27 & UK,Final Energy|Liquids,EJ/yr,27.0731,27.3352,27.0158,26.8527,25.3766,25.3753,24.7152,23.8861,23.4559,23.3736,23.6406,N/A,N/A,N/A,N/A,N/A,N/A,N/A,N/A,N/A,N/A,N/A,NA
reference,IEA,EU27,Final Energy|Residential and Commercial,EJ/yr,16.8067,16.9587,15.869,16.7406,16.5882,17.6266,15.8937,16.4005,16.5049,14.8774,15.4766,N/A,N/A,N/A,N/A,N/A,N/A,N/A,N/A,N/A,N/A,N/A,NA
reference,IEA,EU27 & UK,Final Energy|Residential and Commercial,EJ/yr,19.4404,19.5011,18.3297,19.3528,19.0577,20.303,18.1786,18.882,19.0124,17.0686,17.7266,N/A,N/A,N/A,N/A,N/A,N/A,N/A,N/A,N/A,N/A,N/A,NA
reference,IEA,EU27,Final Energy|Residential and Commercial|Electricity,EJ/yr,4.758,4.9542,4.9821,5.1182,5.1548,5.3701,5.1781,5.2734,5.2325,5.053,5.1583,N/A,N/A,N/A,N/A,N/A,N/A,N/A,N/A,N/A,N/A,N/A,NA
reference,IEA,EU27 & UK,Final Energy|Residential and Commercial|Electricity,EJ/yr,5.5667,5.7547,5.7773,5.9092,5.9259,6.1479,5.9244,6.0355,5.9926,5.7795,5.8851,N/A,N/A,N/A,N/A,N/A,N/A,N/A,N/A,N/A,N/A,N/A,NA
reference,IEA,EU27,Final Energy|Residential and Commercial|Gases,EJ/yr,5.4418,5.5136,5.0288,5.2713,5.2614,5.7529,4.9444,5.2147,5.3303,4.4825,4.8018,N/A,N/A,N/A,N/A,N/A,N/A,N/A,N/A,N/A,N/A,N/A,NA
reference,IEA,EU27 & UK,Final Energy|Residential and Commercial|Gases,EJ/yr,7.0323,7.0233,6.4743,6.8483,6.7194,7.3839,6.2488,6.6922,6.8157,5.6951,6.0668,N/A,N/A,N/A,N/A,N/A,N/A,N/A,N/A,N/A,N/A,N/A,NA
reference,IEA,EU27,Final Energy|Residential and Commercial|Gases|Biomass,EJ/yr,0.016,0.0195,0.0257,0.027,0.0332,0.0381,0.0436,0.0552,0.063,0.0695,0.0731,N/A,N/A,N/A,N/A,N/A,N/A,N/A,N/A,N/A,N/A,N/A,NA
reference,IEA,EU27 & UK,Final Energy|Residential and Commercial|Gases|Biomass,EJ/yr,0.018,0.0212,0.0276,0.0289,0.0351,0.0403,0.0461,0.0576,0.0655,0.0721,0.0759,N/A,N/A,N/A,N/A,N/A,N/A,N/A,N/A,N/A,N/A,N/A,NA
reference,IEA,EU27,Final Energy|Residential and Commercial|Gases|Fossil,EJ/yr,5.4258,5.4941,5.0031,5.2443,5.2282,5.7148,4.9008,5.1596,5.2673,4.4129,4.7287,N/A,N/A,N/A,N/A,N/A,N/A,N/A,N/A,N/A,N/A,N/A,NA
reference,IEA,EU27 & UK,Final Energy|Residential and Commercial|Gases|Fossil,EJ/yr,7.0143,7.0021,6.4467,6.8194,6.6842,7.3436,6.2027,6.6347,6.7502,5.623,5.9909,N/A,N/A,N/A,N/A,N/A,N/A,N/A,N/A,N/A,N/A,N/A,NA
reference,IEA,EU27,Final Energy|Residential and Commercial|Heat,EJ/yr,1.5064,1.4503,1.3839,1.3994,1.3742,1.5628,1.3641,1.3523,1.3522,1.2275,1.2579,N/A,N/A,N/A,N/A,N/A,N/A,N/A,N/A,N/A,N/A,N/A,NA
reference,IEA,EU27 & UK,Final Energy|Residential and Commercial|Heat,EJ/yr,1.5247,1.4686,1.4024,1.418,1.3927,1.5814,1.3824,1.3716,1.3711,1.2462,1.2771,N/A,N/A,N/A,N/A,N/A,N/A,N/A,N/A,N/A,N/A,N/A,NA
reference,IEA,EU27,Final Energy|Residential and Commercial|Liquids,EJ/yr,3.1782,3.0438,2.4416,2.7825,2.5563,2.523,2.2496,2.2213,2.2496,1.9885,2.0287,N/A,N/A,N/A,N/A,N/A,N/A,N/A,N/A,N/A,N/A,N/A,NA
reference,IEA,EU27 & UK,Final Energy|Residential and Commercial|Liquids,EJ/yr,3.3529,3.2181,2.601,2.9445,2.7115,2.6936,2.3951,2.3651,2.3976,2.1346,2.1743,N/A,N/A,N/A,N/A,N/A,N/A,N/A,N/A,N/A,N/A,N/A,NA
reference,IEA,EU27,Final Energy|Residential and Commercial|Liquids|Biomass,EJ/yr,0.0021,0.0058,0.0078,0.0071,0.0111,0.0105,0.0081,0.0082,0.0073,0.0075,0.0074,N/A,N/A,N/A,N/A,N/A,N/A,N/A,N/A,N/A,N/A,N/A,NA
reference,IEA,EU27 & UK,Final Energy|Residential and Commercial|Liquids|Biomass,EJ/yr,0.0021,0.0058,0.0078,0.0071,0.0111,0.0105,0.0081,0.0082,0.0073,0.0075,0.0074,N/A,N/A,N/A,N/A,N/A,N/A,N/A,N/A,N/A,N/A,N/A,NA
reference,IEA,EU27,Final Energy|Residential and Commercial|Liquids|Fossil,EJ/yr,3.1761,3.038,2.4338,2.7755,2.5452,2.5125,2.2415,2.2131,2.2422,1.9809,2.0213,N/A,N/A,N/A,N/A,N/A,N/A,N/A,N/A,N/A,N/A,N/A,NA
reference,IEA,EU27 & UK,Final Energy|Residential and Commercial|Liquids|Fossil,EJ/yr,3.3507,3.2124,2.5933,2.9374,2.7003,2.6832,2.387,2.3568,2.3903,2.1271,2.1669,N/A,N/A,N/A,N/A,N/A,N/A,N/A,N/A,N/A,N/A,N/A,NA
reference,IEA,EU27,Final Energy|Residential and Commercial|Solids,EJ/yr,1.9224,1.9968,2.0326,2.1692,2.2416,2.4178,2.1574,2.3387,2.3403,2.1259,2.2299,N/A,N/A,N/A,N/A,N/A,N/A,N/A,N/A,N/A,N/A,N/A,NA
reference,IEA,EU27 & UK,Final Energy|Residential and Commercial|Solids,EJ/yr,1.9639,2.0364,2.0747,2.2329,2.3083,2.4961,2.2279,2.4176,2.4354,2.2131,2.3233,N/A,N/A,N/A,N/A,N/A,N/A,N/A,N/A,N/A,N/A,N/A,NA
reference,IEA,EU27,Final Energy|Residential and Commercial|Solids|Biomass,EJ/yr,1.4829,1.506,1.5891,1.6983,1.7557,1.8697,1.6796,1.8605,1.8781,1.7142,1.8193,N/A,N/A,N/A,N/A,N/A,N/A,N/A,N/A,N/A,N/A,N/A,NA
reference,IEA,EU27 & UK,Final Energy|Residential and Commercial|Solids|Biomass,EJ/yr,1.4954,1.5193,1.6035,1.7315,1.7919,1.9165,1.7201,1.9113,1.9442,1.7768,1.8889,N/A,N/A,N/A,N/A,N/A,N/A,N/A,N/A,N/A,N/A,N/A,NA
reference,IEA,EU27,Final Energy|Residential and Commercial|Solids|Fossil,EJ/yr,0.4395,0.4908,0.4435,0.4708,0.4859,0.5481,0.4778,0.4782,0.4622,0.4117,0.4106,N/A,N/A,N/A,N/A,N/A,N/A,N/A,N/A,N/A,N/A,N/A,NA
reference,IEA,EU27 & UK,Final Energy|Residential and Commercial|Solids|Fossil,EJ/yr,0.4685,0.5172,0.4712,0.5014,0.5164,0.5796,0.5079,0.5063,0.4912,0.4364,0.4344,N/A,N/A,N/A,N/A,N/A,N/A,N/A,N/A,N/A,N/A,N/A,NA
reference,IEA,EU27,Final Energy|Solids,EJ/yr,4.2379,4.3228,4.3754,4.4062,4.2659,4.5865,4.3894,4.4502,4.4299,4.1854,4.3816,N/A,N/A,N/A,N/A,N/A,N/A,N/A,N/A,N/A,N/A,N/A,NA
reference,IEA,EU27 & UK,Final Energy|Solids,EJ/yr,4.4225,4.5148,4.5633,4.6422,4.4615,4.8077,4.5869,4.6537,4.6817,4.4456,4.6384,N/A,N/A,N/A,N/A,N/A,N/A,N/A,N/A,N/A,N/A,N/A,NA
reference,IEA,EU27,Final Energy|Transportation|LDV|Liquids|Biomass,EJ/yr,0.0632,0.1055,0.1422,0.1704,0.1956,0.2204,0.2305,0.2472,0.2241,0.2417,0.2456,N/A,N/A,N/A,N/A,N/A,N/A,N/A,N/A,N/A,N/A,N/A,NA
reference,IEA,EU27 & UK,Final Energy|Transportation|LDV|Liquids|Biomass,EJ/yr,0.0644,0.1085,0.148,0.1837,0.2122,0.2398,0.2485,0.2624,0.2416,0.2617,0.2616,N/A,N/A,N/A,N/A,N/A,N/A,N/A,N/A,N/A,N/A,N/A,NA
reference,IEA,EU27,Final Energy|Transportation|LDV|Liquids|Electricity,EJ/yr,6.1152,6.2675,6.3938,6.3196,6.077,6.0663,6.0334,5.8323,5.7729,5.8309,5.9645,N/A,N/A,N/A,N/A,N/A,N/A,N/A,N/A,N/A,N/A,N/A,NA
reference,IEA,EU27 & UK,Final Energy|Transportation|LDV|Liquids|Electricity,EJ/yr,7.0439,7.215,7.3481,7.2522,6.9748,6.9452,6.9199,6.7056,6.6446,6.7156,6.8609,N/A,N/A,N/A,N/A,N/A,N/A,N/A,N/A,N/A,N/A,N/A,NA
reference,IEA,EU27,Primary Energy,EJ/yr,69.1227,69.7292,69.0377,68.7577,64.3375,67.0669,64.8164,64.0505,63.4038,61.4505,62.3332,3.9261,N/A,N/A,N/A,N/A,N/A,N/A,N/A,N/A,N/A,N/A,NA
reference,IEA,EU27 & UK,Primary Energy,EJ/yr,78.7402,79.2401,78.2634,77.8085,72.8602,75.8215,73.0555,72.4546,71.7117,69.2374,70.1584,4.59,N/A,N/A,N/A,N/A,N/A,N/A,N/A,N/A,N/A,N/A,NA
reference,IEA,EU27,Primary Energy|Biomass,EJ/yr,3.4696,3.6251,3.8599,4.0853,4.2707,4.6953,4.5916,4.9424,5.108,5.0426,5.2131,N/A,N/A,N/A,N/A,N/A,N/A,N/A,N/A,N/A,N/A,N/A,NA
reference,IEA,EU27 & UK,Primary Energy|Biomass,EJ/yr,3.6282,3.7834,4.0205,4.2735,4.4732,4.9198,4.8343,5.208,5.4077,5.3941,5.6374,N/A,N/A,N/A,N/A,N/A,N/A,N/A,N/A,N/A,N/A,N/A,NA
reference,IEA,EU27,Primary Energy|Biomass|Electricity,EJ/yr,0.3871,0.408,0.4646,0.51,0.5217,0.5721,0.5863,0.6087,0.6635,0.6671,0.6562,N/A,N/A,N/A,N/A,N/A,N/A,N/A,N/A,N/A,N/A,N/A,NA
reference,IEA,EU27 & UK,Primary Energy|Biomass|Electricity,EJ/yr,0.5043,0.5271,0.5805,0.6261,0.6466,0.7077,0.7368,0.769,0.8412,0.8891,0.9339,N/A,N/A,N/A,N/A,N/A,N/A,N/A,N/A,N/A,N/A,N/A,NA
reference,IEA,EU27,Primary Energy|Coal,EJ/yr,12.666,12.9448,13.0832,12.1357,10.6597,11.3198,11.372,11.4285,11.1097,10.676,10.7362,N/A,N/A,N/A,N/A,N/A,N/A,N/A,N/A,N/A,N/A,N/A,NA
reference,IEA,EU27 & UK,Primary Energy|Coal,EJ/yr,14.328,14.7575,14.7872,13.6914,11.9219,12.6519,12.7124,13.0652,12.6669,11.9432,11.7257,N/A,N/A,N/A,N/A,N/A,N/A,N/A,N/A,N/A,N/A,N/A,NA
reference,IEA,EU27,Primary Energy|Coal|Electricity,EJ/yr,5.8837,5.8599,6.18,5.4471,4.8763,4.63,4.9038,5.2057,4.9893,4.7475,4.7595,N/A,N/A,N/A,N/A,N/A,N/A,N/A,N/A,N/A,N/A,N/A,NA
reference,IEA,EU27 & UK,Primary Energy|Coal|Electricity,EJ/yr,7.2366,7.3394,7.5386,6.6457,5.8566,5.6452,5.9451,6.5729,6.2457,5.7202,5.5082,N/A,N/A,N/A,N/A,N/A,N/A,N/A,N/A,N/A,N/A,N/A,NA
reference,IEA,EU27,Primary Energy|Gas,EJ/yr,14.7243,14.7431,14.4976,14.8671,13.8858,15.0603,13.8019,13.5052,13.2573,11.7908,12.2878,N/A,N/A,N/A,N/A,N/A,N/A,N/A,N/A,N/A,N/A,N/A,NA
reference,IEA,EU27 & UK,Primary Energy|Gas,EJ/yr,18.0601,17.9087,17.7167,18.1998,16.9581,18.4007,16.5574,16.1242,15.8514,14.1489,14.6864,N/A,N/A,N/A,N/A,N/A,N/A,N/A,N/A,N/A,N/A,N/A,NA
reference,IEA,EU27,Primary Energy|Gas|Electricity,EJ/yr,1.776,1.9079,2.0151,2.2495,2.0369,2.0435,1.8865,1.3927,1.0709,0.8783,1.0324,N/A,N/A,N/A,N/A,N/A,N/A,N/A,N/A,N/A,N/A,N/A,NA
reference,IEA,EU27 & UK,Primary Energy|Gas|Electricity,EJ/yr,2.6964,2.7647,3.0172,3.3206,3.0618,3.1249,2.7743,1.9759,1.6348,1.4843,1.6227,N/A,N/A,N/A,N/A,N/A,N/A,N/A,N/A,N/A,N/A,N/A,NA
reference,IEA,EU27,Primary Energy|Oil,EJ/yr,26.5616,26.6162,26.122,25.877,24.2533,24.1042,23.3419,22.4445,21.9319,21.7126,22.0267,3.1406,N/A,N/A,N/A,N/A,N/A,N/A,N/A,N/A,N/A,N/A,NA
reference,IEA,EU27 & UK,Primary Energy|Oil,EJ/yr,30.1035,30.1327,29.5341,29.2272,27.4232,27.2222,26.3866,25.4243,24.8389,24.6095,24.9963,3.7103,N/A,N/A,N/A,N/A,N/A,N/A,N/A,N/A,N/A,N/A,NA
reference,IEA,EU27,Secondary Energy|Electricity|Biomass,EJ/yr,0.261,0.298,0.3325,0.37,0.4061,0.4658,0.4962,0.548,0.5667,0.5902,0.6051,N/A,N/A,N/A,N/A,N/A,N/A,N/A,N/A,N/A,N/A,N/A,NA
reference,IEA,EU27 & UK,Secondary Energy|Electricity|Biomass,EJ/yr,0.3029,0.34,0.3729,0.4109,0.4511,0.514,0.5492,0.6079,0.6392,0.681,0.7238,N/A,N/A,N/A,N/A,N/A,N/A,N/A,N/A,N/A,N/A,N/A,NA
reference,IEA,EU27,Secondary Energy|Electricity|Coal,EJ/yr,3.0615,3.0938,3.1491,2.8801,2.6487,2.6777,2.7494,2.804,2.7514,2.6244,2.6686,N/A,N/A,N/A,N/A,N/A,N/A,N/A,N/A,N/A,N/A,N/A,NA
reference,IEA,EU27 & UK,Secondary Energy|Electricity|Coal,EJ/yr,3.5523,3.6356,3.644,3.3329,3.0247,3.0694,3.1433,3.3231,3.2255,2.9903,2.9448,N/A,N/A,N/A,N/A,N/A,N/A,N/A,N/A,N/A,N/A,N/A,NA
reference,IEA,EU27,Secondary Energy|Electricity|Gas,EJ/yr,1.8563,1.9549,2.0656,2.21,2.0369,2.1217,1.9996,1.7394,1.4904,1.2841,1.4278,N/A,N/A,N/A,N/A,N/A,N/A,N/A,N/A,N/A,N/A,N/A,NA
reference,IEA,EU27 & UK,Secondary Energy|Electricity|Gas,EJ/yr,2.4058,2.4619,2.6625,2.8444,2.6363,2.7529,2.5259,2.0987,1.8354,1.6473,1.7879,N/A,N/A,N/A,N/A,N/A,N/A,N/A,N/A,N/A,N/A,N/A,NA
reference,IEA,EU27,Secondary Energy|Electricity|Geothermal,EJ/yr,0.0194,0.0202,0.0208,0.0206,0.02,0.0202,0.0212,0.0208,0.0214,0.0224,0.0235,N/A,N/A,N/A,N/A,N/A,N/A,N/A,N/A,N/A,N/A,N/A,NA
reference,IEA,EU27 & UK,Secondary Energy|Electricity|Geothermal,EJ/yr,0.0194,0.0202,0.0208,0.0206,0.02,0.0202,0.0212,0.0208,0.0214,0.0224,0.0235,N/A,N/A,N/A,N/A,N/A,N/A,N/A,N/A,N/A,N/A,N/A,NA
reference,IEA,EU27,Secondary Energy|Electricity|Hydro,EJ/yr,1.1102,1.1211,1.1137,1.1777,1.19,1.344,1.1035,1.1901,1.3208,1.3288,1.2052,N/A,N/A,N/A,N/A,N/A,N/A,N/A,N/A,N/A,N/A,N/A,NA
reference,IEA,EU27 & UK,Secondary Energy|Electricity|Hydro,EJ/yr,1.1279,1.1376,1.132,1.1962,1.2088,1.3569,1.1239,1.2091,1.3377,1.35,1.2279,N/A,N/A,N/A,N/A,N/A,N/A,N/A,N/A,N/A,N/A,N/A,NA
reference,IEA,EU27,Secondary Energy|Electricity|Nuclear,EJ/yr,3.2979,3.2919,3.1401,3.185,2.9697,3.0761,3.0159,2.9231,2.9024,2.9252,2.8324,N/A,N/A,N/A,N/A,N/A,N/A,N/A,N/A,N/A,N/A,N/A,NA
reference,IEA,EU27 & UK,Secondary Energy|Electricity|Nuclear,EJ/yr,3.5917,3.5636,3.367,3.374,3.2184,3.2998,3.2643,3.1765,3.1566,3.1547,3.0857,N/A,N/A,N/A,N/A,N/A,N/A,N/A,N/A,N/A,N/A,N/A,NA
reference,IEA,EU27,Secondary Energy|Electricity|Solar,EJ/yr,0.0052,0.0089,0.0135,0.0267,0.0504,0.0809,0.1623,0.2377,0.2841,0.3178,0.3412,N/A,N/A,N/A,N/A,N/A,N/A,N/A,N/A,N/A,N/A,N/A,NA
reference,IEA,EU27 & UK,Secondary Energy|Electricity|Solar,EJ/yr,0.0053,0.009,0.0136,0.0268,0.0505,0.081,0.1631,0.2426,0.2913,0.3324,0.3684,N/A,N/A,N/A,N/A,N/A,N/A,N/A,N/A,N/A,N/A,N/A,NA
reference,IEA,EU27,Secondary Energy|Electricity|Wind,EJ/yr,0.2432,0.2812,0.3568,0.4047,0.4456,0.5008,0.5905,0.6703,0.7501,0.7961,0.9416,N/A,N/A,N/A,N/A,N/A,N/A,N/A,N/A,N/A,N/A,N/A,NA
reference,IEA,EU27 & UK,Secondary Energy|Electricity|Wind,EJ/yr,0.2536,0.2964,0.3758,0.4304,0.479,0.5377,0.6468,0.7417,0.8523,0.9112,1.0867,N/A,N/A,N/A,N/A,N/A,N/A,N/A,N/A,N/A,N/A,N/A,NA
reference,IEA,EU27,Secondary Energy|Gases|Biomass,EJ/yr,0.0231,0.0264,0.0342,0.0362,0.0447,0.057,0.0675,0.0775,0.0911,0.0997,0.1045,N/A,N/A,N/A,N/A,N/A,N/A,N/A,N/A,N/A,N/A,N/A,NA
reference,IEA,EU27 & UK,Secondary Energy|Gases|Biomass,EJ/yr,0.0257,0.0287,0.0367,0.0387,0.0472,0.0599,0.0708,0.081,0.0949,0.1043,0.1112,N/A,N/A,N/A,N/A,N/A,N/A,N/A,N/A,N/A,N/A,N/A,NA
reference,IEA,EU27,Secondary Energy|Heat|Biomass,EJ/yr,0.3429,0.3605,0.3668,0.4022,0.4299,0.506,0.5074,0.5671,0.6009,0.6124,0.6452,N/A,N/A,N/A,N/A,N/A,N/A,N/A,N/A,N/A,N/A,N/A,NA
reference,IEA,EU27 & UK,Secondary Energy|Heat|Biomass,EJ/yr,0.3429,0.3605,0.3668,0.4034,0.4317,0.5069,0.5096,0.57,0.6014,0.6136,0.6467,N/A,N/A,N/A,N/A,N/A,N/A,N/A,N/A,N/A,N/A,N/A,NA
reference,IEA,EU27,Secondary Energy|Solids|Biomass,EJ/yr,2.1243,2.2223,2.3781,2.4747,2.5255,2.691,2.5216,2.6719,2.7702,2.654,2.8028,N/A,N/A,N/A,N/A,N/A,N/A,N/A,N/A,N/A,N/A,N/A,NA
reference,IEA,EU27 & UK,Secondary Energy|Solids|Biomass,EJ/yr,2.1465,2.2459,2.4052,2.5271,2.5805,2.7599,2.5847,2.7437,2.866,2.7526,2.9184,N/A,N/A,N/A,N/A,N/A,N/A,N/A,N/A,N/A,N/A,N/A,NA
reference,IEA,EU27,Secondary Energy|Solids|Fossil,EJ/yr,2.2813,2.3554,2.3125,2.2272,1.8124,2.1117,2.0725,2.0167,1.9567,1.9127,1.9244,N/A,N/A,N/A,N/A,N/A,N/A,N/A,N/A,N/A,N/A,N/A,NA
reference,IEA,EU27 & UK,Secondary Energy|Solids|Fossil,EJ/yr,2.4865,2.5699,2.5374,2.4565,1.9926,2.3007,2.2453,2.1905,2.1704,2.1278,2.1174,N/A,N/A,N/A,N/A,N/A,N/A,N/A,N/A,N/A,N/A,N/A,NA
reference,IEA,EU27,Trade|Primary Energy|Coal|Volume,EJ/yr,-4.1074,-4.4291,-4.5667,-4.5899,-3.6385,-3.995,-4.2147,-4.0743,-4.0136,-4.0357,-4.0487,-3.6225,N/A,N/A,N/A,N/A,N/A,N/A,N/A,N/A,N/A,N/A,NA
reference,IEA,EU27 & UK,Trade|Primary Energy|Coal|Volume,EJ/yr,-5.2489,-5.7397,-5.6958,-5.7306,-4.6123,-4.6667,-5.0377,-5.2053,-5.2948,-5.1446,-4.702,-3.8691,N/A,N/A,N/A,N/A,N/A,N/A,N/A,N/A,N/A,N/A,NA
reference,IEA,EU27,Trade|Primary Energy|Gas|Volume,EJ/yr,-10.3844,-10.7071,-10.1444,-10.5454,-9.988,-10.2889,-10.0131,-9.5197,-9.2005,-8.5498,-9.2791,-10.0325,N/A,N/A,N/A,N/A,N/A,N/A,N/A,N/A,N/A,N/A,NA
reference,IEA,EU27 & UK,Trade|Primary Energy|Gas|Volume,EJ/yr,-10.6345,-11.107,-10.8404,-11.467,-11.0256,-11.6368,-11.3242,-10.8331,-10.5786,-9.6795,-10.3506,-11.3849,N/A,N/A,N/A,N/A,N/A,N/A,N/A,N/A,N/A,N/A,NA
reference,IEA,EU27,Trade|Primary Energy|Oil|Volume,EJ/yr,-25.5185,-25.5369,-24.8258,-25.0588,-23.3721,-23.2323,-22.3335,-21.5272,-21.0506,-20.8019,-21.6499,-20.4617,N/A,N/A,N/A,N/A,N/A,N/A,N/A,N/A,N/A,N/A,NA
reference,IEA,EU27 & UK,Trade|Primary Energy|Oil|Volume,EJ/yr,-25.4037,-25.8474,-24.8992,-25.37,-23.6213,-23.6885,-23.1729,-22.6491,-22.2186,-22.0585,-22.7559,-21.4971,N/A,N/A,N/A,N/A,N/A,N/A,N/A,N/A,N/A,N/A,NA
reference,James_IMF,EU27,GDP|PPP,billion EUR_2020/yr,13208.7129,13670.1789,14112.1146,14222.2772,13645.2035,13861.2174,14033.5216,14328.9278,14659.6768,15001.82,15340.3451,N/A,N/A,N/A,N/A,N/A,N/A,N/A,N/A,N/A,N/A,N/A,NA
reference,James_IMF,EU27 & UK,GDP|PPP,billion EUR_2020/yr,15476.0505,16004.4405,16512.4687,16624.2507,15931.0799,16188.4247,16410.2068,16760.5244,17150.6169,17557.1924,17965.0281,N/A,N/A,N/A,N/A,N/A,N/A,N/A,N/A,N/A,N/A,N/A,NA
reference,UNFCCC,EU27,Emissions|CH4,Mt CH4/yr,13.9432,13.6681,13.6345,13.429,13.2577,13.6186,12.8657,12.7944,12.5734,12.3957,12.4327,12.3075,12.308,12.0521,11.8021,N/A,N/A,N/A,N/A,N/A,N/A,N/A,NA
reference,UNFCCC,EU27 & UK,Emissions|CH4,Mt CH4/yr,17.5428,17.0986,16.9154,16.4802,16.1373,16.3131,15.4525,15.3203,14.9358,14.6793,14.6807,14.4867,14.5068,14.2388,13.978,N/A,N/A,N/A,N/A,N/A,N/A,N/A,NA
reference,UNFCCC,EU27,Emissions|CH4|AFOLU|Agriculture,Mt CH4/yr,6.637,6.5745,6.6443,6.5831,6.5816,6.9856,6.4713,6.4039,6.4057,6.4798,6.5375,6.539,6.5348,6.4762,6.429,N/A,N/A,N/A,N/A,N/A,N/A,N/A,NA
reference,UNFCCC,EU27 & UK,Emissions|CH4|AFOLU|Agriculture,Mt CH4/yr,7.7141,7.6314,7.6946,7.5995,7.5873,7.9989,7.4788,7.4083,7.4054,7.5066,7.5693,7.5671,7.5676,7.4902,7.4453,N/A,N/A,N/A,N/A,N/A,N/A,N/A,NA
reference,UNFCCC,EU27,Emissions|CH4|AFOLU|Land,Mt CH4/yr,0.2395,0.2402,0.2794,0.235,0.2416,0.2536,0.2427,0.2708,0.2128,0.2203,0.2251,0.2241,0.2828,0.2269,0.2291,N/A,N/A,N/A,N/A,N/A,N/A,N/A,NA
reference,UNFCCC,EU27 & UK,Emissions|CH4|AFOLU|Land,Mt CH4/yr,0.43,0.4306,0.4704,0.4257,0.4324,0.4452,0.4349,0.4626,0.4051,0.4119,0.4179,0.4171,0.4755,0.4215,0.425,N/A,N/A,N/A,N/A,N/A,N/A,N/A,NA
reference,UNFCCC,EU27,Emissions|CH4|Waste,Mt CH4/yr,4.4049,4.303,4.2105,4.0846,4.0353,3.9166,3.8028,3.6979,3.5589,3.4201,3.3516,3.251,3.1903,3.1399,3.0968,N/A,N/A,N/A,N/A,N/A,N/A,N/A,NA
reference,UNFCCC,EU27 & UK,Emissions|CH4|Waste,Mt CH4/yr,6.2389,6.023,5.8058,5.5014,5.2968,4.9909,4.7931,4.6289,4.3751,4.1486,4.0556,3.926,3.8803,3.8365,3.7875,N/A,N/A,N/A,N/A,N/A,N/A,N/A,NA
reference,UNFCCC,EU27,Emissions|CO2|Energy,Mt CO2/yr,3058.3313,3083.6772,3053.1564,3000.3501,2789.2756,2917.5597,2784.2143,2732.2813,2674.2797,2547.1765,2600.6825,2614.5629,2620.1988,2566.9004,2462.8072,N/A,N/A,N/A,N/A,N/A,N/A,N/A,NA
reference,UNFCCC,EU27 & UK,Emissions|CO2|Energy,Mt CO2/yr,3649.0393,3674.5198,3634.0191,3571.3355,3313.3134,3455.2341,3283.1099,3246.6452,3177.2438,3012.0959,3049.8013,3043.6979,3039.1949,2980.9128,2863.8319,N/A,N/A,N/A,N/A,N/A,N/A,N/A,NA
reference,UNFCCC,EU27,Emissions|CO2|Energy|Demand|Bunkers,Mt CO2/yr,218.5708,231.7072,242.3573,241.787,217.6608,219.5658,219.9959,209.7625,202.2796,200.8459,205.2239,213.3334,219.5691,226.6425,227.6681,N/A,N/A,N/A,N/A,N/A,N/A,N/A,NA
reference,UNFCCC,EU27 & UK,Emissions|CO2|Energy|Demand|Bunkers,Mt CO2/yr,262.1003,276.6727,287.2914,289.4447,263.3091,262.5609,265.2991,252.7728,245.5789,244.956,249.0137,257.9754,266.2766,273.3855,274.4006,N/A,N/A,N/A,N/A,N/A,N/A,N/A,NA
reference,UNFCCC,EU27,Emissions|CO2|Energy|Demand|Industry,Mt CO2/yr,464.1517,455.7546,469.3222,450.1293,372.4709,411.758,399.0158,383.404,367.2415,354.9197,364.4495,369.6138,377.0803,377.5817,368.888,N/A,N/A,N/A,N/A,N/A,N/A,N/A,NA
reference,UNFCCC,EU27 & UK,Emissions|CO2|Energy|Demand|Industry,Mt CO2/yr,544.8151,534.7006,546.5076,522.4874,434.5032,473.7263,456.6067,440.5391,424.6151,412.0184,419.4872,421.7991,429.5044,429.4717,419.0225,N/A,N/A,N/A,N/A,N/A,N/A,N/A,NA
reference,UNFCCC,EU27,Emissions|CO2|Energy|Demand|Residential and Commercial,Mt CO2/yr,472.6068,474.796,413.1273,456.2419,446.3941,485.9327,412.9009,423.7151,432.2961,366.1022,387.0819,394.6235,387.6608,375.1914,369.6266,N/A,N/A,N/A,N/A,N/A,N/A,N/A,NA
reference,UNFCCC,EU27 & UK,Emissions|CO2|Energy|Demand|Residential and Commercial,Mt CO2/yr,579.0392,576.4163,510.0382,558.078,541.5467,592.0422,498.8312,518.3983,528.4185,446.7399,471.3615,480.5902,470.9825,462.8991,456.2933,N/A,N/A,N/A,N/A,N/A,N/A,N/A,NA
reference,UNFCCC,EU27,Emissions|CO2|Energy|Demand|Transportation,Mt CO2/yr,699.4729,706.9573,712.032,694.3904,673.4227,686.6214,670.1568,646.1272,641.6606,646.0018,656.3275,669.9346,680.7982,680.1684,683.8303,N/A,N/A,N/A,N/A,N/A,N/A,N/A,NA
reference,UNFCCC,EU27 & UK,Emissions|CO2|Energy|Demand|Transportation,Mt CO2/yr,831.4175,838.4427,844.8573,821.6515,796.0669,807.4674,788.9901,764.0595,758.3794,764.2365,777.0746,793.1593,804.2645,801.8468,803.2749,N/A,N/A,N/A,N/A,N/A,N/A,N/A,NA
reference,UNFCCC,EU27,Emissions|CO2|Energy|Supply,Mt CO2/yr,1106.3063,1119.1782,1123.6517,1065.8026,989.7442,1021.0297,991.2236,980.1678,940.1809,890.4113,900.0063,880.4129,867.371,819.3308,725.0748,N/A,N/A,N/A,N/A,N/A,N/A,N/A,NA
reference,UNFCCC,EU27 & UK,Emissions|CO2|Energy|Supply,Mt CO2/yr,1320.1319,1339.1701,1338.45,1274.9258,1175.7761,1214.3893,1170.4757,1170.579,1118.395,1043.8846,1033.8602,992.2275,969.1406,913.9388,811.8816,N/A,N/A,N/A,N/A,N/A,N/A,N/A,NA
reference,UNFCCC,EU27,Emissions|CO2|Energy|Supply|Liquids,Mt CO2/yr,105.7393,104.11,106.3087,104.9635,100.0297,99.952,97.9033,94.7838,87.7202,86.3218,86.8546,86.8411,85.4932,84.5638,85.9696,N/A,N/A,N/A,N/A,N/A,N/A,N/A,NA
reference,UNFCCC,EU27 & UK,Emissions|CO2|Energy|Supply|Liquids,Mt CO2/yr,125.6289,122.114,124.1168,122.2288,116.4987,116.935,115.2795,110.5476,102.3959,99.8061,100.3561,100.4355,99.0535,97.6124,98.5979,N/A,N/A,N/A,N/A,N/A,N/A,N/A,NA
reference,UNFCCC,EU27,Emissions|CO2|Energy|Supply|Solids,Mt CO2/yr,50.6751,53.6653,52.0189,47.347,37.6257,43.885,43.0837,33.7924,31.6035,30.3971,28.7566,28.8298,28.1844,28.9112,27.8298,N/A,N/A,N/A,N/A,N/A,N/A,N/A,NA
reference,UNFCCC,EU27 & UK,Emissions|CO2|Energy|Supply|Solids,Mt CO2/yr,70.4422,72.5966,70.0686,65.321,54.9538,61.8247,59.2379,48.8127,46.3622,44.8068,43.7823,43.5137,42.8578,43.2469,42.6819,N/A,N/A,N/A,N/A,N/A,N/A,N/A,NA
reference,UNFCCC,EU27,Emissions|CO2|Industrial Processes,Mt CO2/yr,219.2792,223.8243,225.5789,209.7956,164.6014,183.6078,183.5883,171.6505,170.1854,172.5389,171.2816,173.511,179.759,178.5281,173.9732,N/A,N/A,N/A,N/A,N/A,N/A,N/A,NA
reference,UNFCCC,EU27 & UK,Emissions|CO2|Industrial Processes,Mt CO2/yr,240.8253,244.5041,247.8701,229.969,179.1608,199.6974,198.4725,186.9239,187.2453,189.226,187.4992,187.5301,194.247,192.2606,187.5338,N/A,N/A,N/A,N/A,N/A,N/A,N/A,NA
reference,UNFCCC,EU27,Emissions|CO2|Industry and Industrial Processes,Mt CO2/yr,464.1517,455.7546,469.3222,450.1293,372.4709,411.758,399.0158,383.404,367.2415,354.9197,364.4495,369.6138,377.0803,377.5817,368.888,N/A,N/A,N/A,N/A,N/A,N/A,N/A,NA
reference,UNFCCC,EU27 & UK,Emissions|CO2|Industry and Industrial Processes,Mt CO2/yr,544.8151,534.7006,546.5076,522.4874,434.5032,473.7263,456.6067,440.5391,424.6151,412.0184,419.4872,421.7991,429.5044,429.4717,419.0225,N/A,N/A,N/A,N/A,N/A,N/A,N/A,NA
reference,UNFCCC,EU27,Emissions|CO2|Other Removal,Mt CO2/yr,26.5667,27.7889,27.7771,27.483,25.8626,26.8189,27.2315,27.5761,28.9382,28.6891,27.9728,28.0463,28.3029,28.0467,26.5881,N/A,N/A,N/A,N/A,N/A,N/A,N/A,NA
reference,UNFCCC,EU27 & UK,Emissions|CO2|Other Removal,Mt CO2/yr,34.1498,34.4981,34.7024,33.6503,32.1581,32.9322,33.1417,32.6313,34.1788,34.5175,33.8422,33.8433,34.0356,33.9746,32.5571,N/A,N/A,N/A,N/A,N/A,N/A,N/A,NA
reference,UNFCCC,EU27,Emissions|Kyoto Gases|AFOLU|Agriculture,Mt CO2e/yr,315.9829,312.9191,316.8981,314.0171,312.0518,328.6547,308.1114,307.4276,308.4206,313.9664,314.483,314.6103,316.1566,311.2019,308.281,N/A,N/A,N/A,N/A,N/A,N/A,N/A,NA
reference,UNFCCC,EU27 & UK,Emissions|Kyoto Gases|AFOLU|Agriculture,Mt CO2e/yr,361.5421,357.4059,360.9688,356.9263,354.6452,371.5575,351.0055,349.9873,350.6268,357.8528,357.9366,357.8508,359.8302,354.2765,351.7923,N/A,N/A,N/A,N/A,N/A,N/A,N/A,NA
reference,UNFCCC,EU27,Emissions|Kyoto Gases|Energy,Mt CO2e/yr,3151.6578,3173.8243,3142.0991,3090.2567,2874.7118,3005.5336,2868.1404,2818.4851,2759.7733,2628.4846,2683.8383,2696.9863,2703.1985,2647.3515,2538.2725,N/A,N/A,N/A,N/A,N/A,N/A,N/A,NA
reference,UNFCCC,EU27 & UK,Emissions|Kyoto Gases|Energy,Mt CO2e/yr,3758.8388,3780.1128,3737.7431,3675.3608,3412.5354,3556.8644,3380.1869,3346.2241,3274.8226,3104.9781,3144.1313,3136.1647,3132.2561,3071.4423,2949.1141,N/A,N/A,N/A,N/A,N/A,N/A,N/A,NA
reference,UNFCCC,EU27,Emissions|Kyoto Gases|Industrial Processes,Mt CO2e/yr,263.1465,261.0383,262.7249,239.6993,188.5949,198.1466,195.1013,182.1445,179.5847,181.8078,180.4937,182.1094,188.9256,186.8219,182.6467,N/A,N/A,N/A,N/A,N/A,N/A,N/A,NA
reference,UNFCCC,EU27 & UK,Emissions|Kyoto Gases|Industrial Processes,Mt CO2e/yr,288.1005,284.6335,288.3239,262.9802,205.0355,216.2331,211.1445,198.3714,197.5617,199.4287,197.5639,197.0006,204.3002,201.4017,197.102,N/A,N/A,N/A,N/A,N/A,N/A,N/A,NA
reference,UNFCCC,EU27,Emissions|Kyoto Gases|Other,Mt CO2e/yr,315.9829,312.9191,316.8981,314.0171,312.0518,328.6547,308.1114,307.4276,308.4206,313.9664,314.483,314.6103,316.1566,311.2019,308.281,N/A,N/A,N/A,N/A,N/A,N/A,N/A,NA
reference,UNFCCC,EU27 & UK,Emissions|Kyoto Gases|Other,Mt CO2e/yr,361.5421,357.4059,360.9688,356.9263,354.6452,371.5575,351.0055,349.9873,350.6268,357.8528,357.9366,357.8508,359.8302,354.2765,351.7923,N/A,N/A,N/A,N/A,N/A,N/A,N/A,NA
reference,UNFCCC,EU27,Emissions|Kyoto Gases|Waste,Mt CO2e/yr,132.3829,129.4992,126.9666,123.5378,122.0537,119.0659,115.5827,112.5782,108.8094,104.7859,102.706,100.0297,98.4463,96.8082,95.3308,N/A,N/A,N/A,N/A,N/A,N/A,N/A,NA
reference,UNFCCC,EU27 & UK,Emissions|Kyoto Gases|Waste,Mt CO2e/yr,185.3348,179.1748,173.2715,164.7524,158.9308,150.773,144.9785,140.3018,133.353,126.9547,124.154,120.7168,119.6137,118.1075,116.5013,N/A,N/A,N/A,N/A,N/A,N/A,N/A,NA
reference,UNFCCC,EU27,Emissions|N2O,kt N2O/yr,758.6778,728.6999,737.8026,706.1777,673.5281,660.7187,622.9534,623.1424,621.0718,629.8306,632.5193,628.6632,640.6399,624.0755,620.0769,N/A,N/A,N/A,N/A,N/A,N/A,N/A,NA
reference,UNFCCC,EU27 & UK,Emissions|N2O,kt N2O/yr,845.7234,811.8685,821.0243,786.9891,749.2051,737.8566,697.4084,697.0725,694.806,705.7995,707.0945,702.4479,715.9652,698.678,695.2771,N/A,N/A,N/A,N/A,N/A,N/A,N/A,NA
reference,UNFCCC,EU27,Emissions|N2O|AFOLU|Agriculture,kt N2O/yr,461.062,457.6039,465.3798,460.7316,453.6226,471.8539,450.357,453.2318,455.8974,468.2513,465.1531,463.6363,470.965,458.4426,454.1988,N/A,N/A,N/A,N/A,N/A,N/A,N/A,NA
reference,UNFCCC,EU27 & UK,Emissions|N2O|AFOLU|Agriculture,kt N2O/yr,513.251,507.8852,514.6801,509.4499,502.5195,521.3247,500.0513,502.6676,505.3244,519.7639,515.3441,513.3788,521.9592,508.7312,504.8489,N/A,N/A,N/A,N/A,N/A,N/A,N/A,NA
reference,UNFCCC,EU27,Emissions|N2O|AFOLU|Land,kt N2O/yr,38.0645,37.4935,38.2104,37.3498,37.5657,38.4837,37.4225,38.0678,36.4537,36.9021,40.1618,40.0977,41.3635,40.344,40.973,N/A,N/A,N/A,N/A,N/A,N/A,N/A,NA
reference,UNFCCC,EU27 & UK,Emissions|N2O|AFOLU|Land,kt N2O/yr,46.2221,45.4671,46.0437,44.9716,45.0098,45.8893,44.818,45.3463,43.6969,44.0453,47.2658,47.1378,48.3308,47.3318,47.9587,N/A,N/A,N/A,N/A,N/A,N/A,N/A,NA
reference,UNFCCC,EU27,Emissions|N2O|Waste,kt N2O/yr,23.0834,22.4704,22.5996,22.9128,22.8977,23.7509,23.2132,22.8313,23.7942,23.3101,23.6262,23.7639,23.5492,23.8188,23.7172,N/A,N/A,N/A,N/A,N/A,N/A,N/A,NA
reference,UNFCCC,EU27 & UK,Emissions|N2O|Waste,kt N2O/yr,27.3899,27.0308,27.3629,27.5212,27.6502,28.8289,28.4969,28.1028,29.2223,28.9932,29.2709,29.5019,29.5291,29.6553,29.6982,N/A,N/A,N/A,N/A,N/A,N/A,N/A,NA
reference,UNFCCC,EU27,Gross Emissions|CO2|Industrial Processes,Mt CO2/yr,219.2792,223.8243,225.5789,209.7956,164.6014,183.6078,183.5883,171.6505,170.1854,172.5389,171.2816,173.511,179.759,178.5281,173.9732,N/A,N/A,N/A,N/A,N/A,N/A,N/A,NA
reference,UNFCCC,EU27 & UK,Gross Emissions|CO2|Industrial Processes,Mt CO2/yr,240.8253,244.5041,247.8701,229.969,179.1608,199.6974,198.4725,186.9239,187.2453,189.226,187.4992,187.5301,194.247,192.2606,187.5338,N/A,N/A,N/A,N/A,N/A,N/A,N/A,NA
